user_id,user_key,created_at,created_str,retweet_count,retweeted,favorite_count,text,tweet_id,source,hashtags,expanded_urls,posted,mentions,retweeted_status_id,in_reply_to_status_id,text_date,location,followers_count,statuses_count,lang,screen_name,favourites_count,friends_count,listed_count
1171155332917321730,Peacock,2019-09-09 20:16:13,,,,,,,,,,,,,,,,10,0,,peacockTV,0,97,0
1178598747397341184,Ø¯Ø§ÙƒØ§Ø± ÙÙŠ Ø§Ù„Ø³Ø¹ÙˆØ¯ÙŠØ© ğŸ‡¸ğŸ‡¦,2019-09-30 09:13:40,,0,False,3,#Dakar2020 ğŸµ https://t.co/9Js6wD4wIc,1213839867827933185,,['Dakar2020'],,,,,,2020-01-05 15:09:11,Saudi Arabia ,3401,144,und,dakarinsaudi,66,85,9
1194561449189892096,Dakar Saudi Arabia,2019-11-13 10:23:48,,2,False,6,"#Dakar2020 Stage 1 winners... â €
Bike: Toby Price â €
Car: Vaidotas Zalaâ €
Quad: Ignacio Casale â €
Truck: Anton Shibalov â €
SxS: Aron Domzala",1213832047095091200,,['Dakar2020'],,,,,,2020-01-05 14:38:06,Saudi Arabia,1250,60,en,Dakarinsaudi_en,17,84,17
20028484,Nederlander Concerts,2009-02-04 04:53:21,,0,False,0,Merry Christmas and Happy Holidays! ğŸ„ https://t.co/F2naDSHHMb,1209883108725514240,,[],,,,,,2019-12-25 17:06:26,,32342,6856,en,NederlanderLive,855,3040,969
1111063441,Los Feliz Daycare,2013-01-22 09:19:16,,5,False,293,".@Twitter in trying times, you have given us hope. https://t.co/Kc4fu48rSb",1213505993562157056,,[],,,['Twitter'],,,2020-01-04 17:02:29,Affluent hillside neighborhood,115409,2703,en,LosFelizDaycare,10532,270,865
1088048818921312256,Kialo Edu,2019-01-23 12:20:28,,1,False,0,"RT @greg_rodrigo: Tech for 2020

@perusall - students not doing their readings? Integrates with Bb, free to use w/ OER textbooks &amp; your matâ€¦",1212026660394024962,,[],,,['greg_rodrigo'],,,2019-12-31 15:04:08,,1803,77,en,KialoEdu,199,1834,13
961314291583303680,Esmail Corp,2018-02-07 19:02:42,,9,False,253,the plot thickens... lmfao https://t.co/Y4Id0bSx36,1213314246554992641,,[],,,,,,2020-01-04 04:20:33,our simulated reality,15322,146,en,esmailcorp,19,41,33
82677928,CUNA,2009-10-15 18:19:38,,1,False,0,RT @Nussle: We're continuing to prioritize our cooperative superpowers in 2020! Enjoy this week's #NussleReport: https://t.co/SkYlCr2udW,1213184302516703235,,['NussleReport'],,,['Nussle'],,,2020-01-03 19:44:12,"Madison, WI & Washington, DC",15149,39220,en,CUNA,35649,3957,445
80335611,Yaffa Fredrick,2009-10-06 16:00:29,,3,False,7,Confused about the last 24 hours in US foreign policy? Let our â¦@CNNOpinionâ© contributors help you make sense of itâ€¦ https://t.co/mLHGrrU9kJ,1213273410186469376,,[],,,['CNNOpinion'],,,2020-01-04 01:38:17,New York,1510,6858,en,yaffanyc,5000,450,37
332666258,Ayanna Miller,2011-07-10 06:28:04,,6222,False,0,RT @offbrandwagner: ari aster making midsommar https://t.co/POGWqMdefi,1213685114712014849,,[],,,['offbrandwagner'],,,2020-01-05 04:54:15,"New York, NY",787,22844,en,DhatIslandGirl,24579,1944,6
39831721,(((Pat McMenamin))),2009-05-13 20:52:59,,0,False,2,"As a Cavs fan, this is incredibly satisfying to read. https://t.co/MKwHNJTTAG",1213532745332412418,,[],,,,,,2020-01-04 18:48:47,"Scarsdale, NY",855,3343,en,prmcmenamin,7811,711,25
2704839457,Logan McDonald,2014-08-03 20:08:08,,0,False,1,@carolineha_ @kashhill @dmehro ğŸŸï¸âœ…,1213261394092544001,,[],,,['carolineha_'],,,2020-01-04 00:50:32,"New York, NY",1540,486,und,_loganmcdonald,8431,370,61
3359593221,Michael Sallah,2015-07-05 00:48:45,,62,False,0,"RT @JasonLeopold: From Michael Cohen's FBI 302 just obtained via our #FOIA lawsuit:

Sean Hannity recommended to Michael Cohen that Jay Sekâ€¦",1212877173339697153,,['FOIA'],,,['JasonLeopold'],,,2020-01-02 23:23:46,"Washington, DC",1339,420,en,MikeSallah7,635,784,35
291063918,tess atkinson,2011-05-01 12:09:58,,0,False,0,Two-thirds of BuzzFeed weekly consumers have adopted a new passion or area of interest thanks to BuzzFeed content.â€¦ https://t.co/3u99pLZiCf,1213139205217538049,,[],,,,,,2020-01-03 16:45:00,(North) London,1022,4762,en,tessatkinson,6628,1027,19
90793937,Julia Moser,2009-11-18 03:44:39,,150,False,0,"RT @jillboard: if â€˜CATSâ€™ has taught us one thing, itâ€™s this: the Jellicle Choice is a system that works better than the Electoral College",1213612393768423425,,[],,,['jillboard'],,,2020-01-05 00:05:17,Los Angeles,1637,7028,en,juliamoserrrr,33651,2177,14
339731465,Clarissa-Jan Lim,2011-07-21 15:30:50,,1103,False,0,"RT @madeleinecholia: i wrote about the men who call crisis hotlines to masturbate to the voices of female volunteers, a bummer of a phenomeâ€¦",1213556348891385858,,[],,,['madeleinecholia'],,,2020-01-04 20:22:35,New York via Kuala Lumpur,897,997,en,clarissajanlim,20844,1556,14
22103128,david hatcher,2009-02-27 03:41:13,,1,False,0,"RT @ZachStafford: Faith has so much strength. 

Was incredible to sit down today and hear her story in her words. https://t.co/3IVU1SQs4Z",1212810360186658817,,[],,,['ZachStafford'],,,2020-01-02 18:58:17,,279,1675,en,harlemhatcher,1994,1048,3
912335147822960640,Jake Bunger,2017-09-25 15:17:04,,0,False,3,"@davejorgenson â€œIâ€™m Barbara Walters, and this is... really weird?â€",1213515585369366528,,[],,,['davejorgenson'],,,2020-01-04 17:40:36,"New York, NY",729,792,en,jakebunger,6991,618,6
807257672,Scott Lucas,2012-09-06 17:26:12,,0,False,2,"Roses are red
the football was flat https://t.co/msmwzciflv",1213697433823145984,,[],,,,,,2020-01-05 05:43:12,"Oakland, CA",3101,25405,en,ScottLucas86,8970,1106,160
247436309,Emily Rothschild,2011-02-04 20:02:04,,1,False,0,"RT @CarolineMoss: A thing I wonâ€™t miss about living in New York City: I went ice skating at Rockefeller Center just now with @ERothschild1,â€¦",1204708884646105088,,[],,,['CarolineMoss'],,,2019-12-11 10:25:55,"New York, NY",252,310,en,ERothschild1,3786,815,2
343073422,Azure Gilman,2011-07-27 01:09:59,,0,False,4,"@tomgara I'd like 2,000 words on this plz.",1213665836554162176,,[],,,['tomgara'],,,2020-01-05 03:37:38,New York City,1061,4367,en,AzureGilman,4787,4936,34
3650978894,YG Entertainment USA,2015-09-22 17:43:12,,67738,False,0,"RT @ygent_official: HAPPY BIRTHDAY #JISOO ğŸ‰
#BLACKPINK #ë¸”ë™í•‘í¬ #ì§€ìˆ˜ #HAPPYBIRTHDAY #20190103 #YG https://t.co/EUor3M8POW",1080551621375881216,,"['JISOO', 'BLACKPINK', 'ë¸”ë™í•‘í¬', 'ì§€ìˆ˜', 'HAPPYBIRTHDAY', 'YG']",,,['ygent_official'],,,2019-01-02 19:49:16,"Los Angeles, CA",33007,403,en,ygentusa,37,26,73
1199023873213100033,Rhett & Link,2019-11-25 17:56:05,,14,False,151,Follow us over @mythical for all the content youâ€™ve come to know and love https://t.co/Z5Cny75JtS,1213150417787351040,,[],,,['Mythical'],,,2020-01-03 17:29:33,,316,1,en,RhettandLink,0,0,1
1202763901093306368,MOBILE SUIT GUNDAM BATTLE OPERATION 2,2019-12-06 01:39:14,,4,False,12,"Happy (belated) New Years!

Be sure to check out all the NEW YEARS BOOSTED SUPPLY DROP! https://t.co/7aGlV9ZFK2

Doâ€¦ https://t.co/M1z2Oel8wl",1212802305289965568,,[],,,,,,2020-01-02 18:26:17,,231,7,en,GBO2EN,0,1,0
1129011885964242945,Ø¯Ø§ÙƒØ§Ø± - Ø§Ù„Ù…Ù…Ù„ÙƒØ© Ø§Ù„Ø¹Ø±Ø¨ÙŠÙ‘Ø© Ø§Ù„Ø³Ù‘Ø¹ÙˆØ¯ÙŠØ©,2019-05-16 13:13:04,,1,False,1,"Ø§Ø³ØªÙ…ØªØ¹ Ø¨Ø§Ù„Ù…Ù†Ø§Ø¸Ø± Ø§Ù„Ø·Ø¨ÙŠØ¹ÙŠØ© Ø§Ù„ÙŠÙˆÙ… ğŸ‘‡

 Ø§Ø¬Ù…Ù„ Ù…Ø§ ÙŠÙ…ÙƒÙ†Ùƒ Ù…Ø´Ø§Ù‡Ø¯ØªÙ‡ ÙÙŠ ÙŠÙ†ÙŠØ§Ø± ğŸ˜‰

 #Ø¯Ø§ÙƒØ§Ø±2020 https://t.co/mdxerS3OPz",1213841150911688704,,['Ø¯Ø§ÙƒØ§Ø±2020'],,,,,,2020-01-05 15:14:17,Ø§Ù„Ù…Ù…Ù„ÙƒØ© Ø§Ù„Ø¹Ø±Ø¨ÙŠÙ‘Ø© Ø§Ù„Ø³Ù‘Ø¹ÙˆØ¯ÙŠØ©,4118,374,ar,Dakar_arabic,42,22,6
70087923,Megan K. Stack,2009-08-30 09:22:24,,0,False,1,Interesting timing. https://t.co/XR6gLeRQy9,1213819209668390913,,[],,,,,,2020-01-05 13:47:05,Singapore,1521,1039,en,Megankstack,1558,800,34
70952004,Sam Farley,2009-09-02 12:33:10,,0,False,3,"Wildcard Weekend picks:

Bills +2.5
Titans +4
Saints -7.5
Seahawks -1

Bills are pretty much a pickâ€™em. Saints andâ€¦ https://t.co/64HrhdiwoJ",1213546684569001984,,[],,,,,,2020-01-04 19:44:10,"London, England",820,12705,en,FarleyWrites,10053,798,13
2554423076,Abdullah Al Amro.       Ø¹Ø¨Ø¯Ø§Ù„Ù„Ù‡ Ø§Ù„Ø¹Ù…Ø±Ùˆ,2014-06-08 10:39:23,,8,False,8,Ø¬Ù…Ù‡ÙˆØ± Ø§Ù„Ø³ÙˆØ¨Ø± Ø§Ù„Ø§ÙŠØ·Ø§Ù„ÙŠ Ø¨Ø§Ù„Ø±ÙŠØ§Ø¶ Ø§ÙƒØ«Ø± Ù…Ù† Ø¬Ù…Ù‡ÙˆØ± Ø§Ù„Ø³ÙˆØ¨Ø± Ø§Ù„Ø³Ø¹ÙˆØ¯ÙŠ ğŸ˜,1213506423646228480,,[],,,,,,2020-01-04 17:04:11,,4034,2018,ar,draalamro,979,255,6
1205431066359668736,The Turning UK,2019-12-13 10:15:43,,14,False,47,"Keep an eye on the children.

The official trailer for THE TURNING starring Mackenzie Davis (Terminator: Dark Fate)â€¦ https://t.co/W1KqClIyFp",1213069831337058305,,[],,,,,,2020-01-03 12:09:20,,80,8,en,TheTurningUK,3,97,0
839415133428277248,FEELDOG / í•„ë…,2017-03-08 09:58:58,,40,False,190,@1ee_Jun_Yxxng ì‘ ì–´ë– í•œê¸°ì¤€ì—ì„œë„ ë„Œ ì•„ë‹ˆì•¼ ~,1213087762833797122,,[],,,['1ee_Jun_Yxxng'],,,2020-01-03 13:20:35,ëŒ€í•œë¯¼êµ­ ì„œìš¸,24056,870,ko,feeldog_bpnn,183,8,224
35754007,Sumi Jo,2009-04-27 14:28:00,,20229,False,0,RT @tinyanimaIs: Kitty Massage ğŸ’† https://t.co/Dt30CPAVHj,1213388519693008897,,[],,,['tinyanimaIs'],,,2020-01-04 09:15:41,The Official Homepage,29354,11026,en,sumijo2011,539,6314,485
984731357082300417,ëŸ¬ë¸Œì•¤í”„ë¡œë“€ì„œ,2018-04-13 09:53:45,,157,False,107,"60ì´ˆ í›„ ì—°ì• í•©ë‹ˆë‹¤ğŸ’•ëŸ¬ë¸Œì•¤í”„ë¡œë“€ì„œğŸ’•

2020ë…„ ìƒˆí•´ì˜ ì²« ê¹œì§ ì¿ í°!
ë£¨ë¹„ì™€ ê³¨ë“œ, ì¸ì—°ìœ¼ë¡œ ì•Œì°¨ê²Œ ì¤€ë¹„í–ˆì–´ìš”~
í”„ë¡œë“€ì„œë‹˜, ë‹¤ì‹œ í•œ ë²ˆ ìƒˆí•´ ë³µ ë§ì´ ë°›ìœ¼ì„¸ìš”~ 

ì¿ í°ë²ˆí˜¸: aCBgmkQ9yP36oXâ€¦ https://t.co/MBuKOoVHp9",1212970863651217408,,[],,,,,,2020-01-03 05:36:04,ëŒ€í•œë¯¼êµ­,14141,324,ko,lovenproducer,0,0,57
29141166,Vivek Jain,2009-04-06 04:13:35,,1,False,2,@babagolmaal @timesprime Sorry to hear this. We are working with @swiggy_in to resolve it.,1213805533494312960,,[],,,['babagolmaal'],,,2020-01-05 12:52:45,"Mumbai, India",513,98,en,vivekrjain,129,123,1
1207558778842947584,Chinese Embassy in Ethiopiaä¸­å›½é©»åŸƒå¡ä¿„æ¯”äºšä½¿é¦†,2019-12-19 07:10:36,,43,False,0,RT @MFA_China: Africa has been the destination for Chinese FM's first foreign visit every year. The good tradition has been carried on forâ€¦,1213387633424044032,,[],,,['MFA_China'],,,2020-01-04 09:12:10,addis ababa,54,8,en,ChinaEmbAddis,2,5,0
1207959651079393281,Chinesische Botschaft in Deutschland,2019-12-20 09:43:27,,,,,,,,,,,,,,,,18,0,,ChinaEmbGermany,0,7,0
1422951168,Fiersa Besari,2013-05-12 12:00:56,,2533,False,8486,"Yang dulu paling ditunggu sapaannya, kini menjadi yang paling dikutuk kemunculannya",1213830241182830592,,[],,,,,,2020-01-05 14:30:56,Indonesia,3079134,24581,in,FiersaBesari,650,621,398
1128409690902343680,Portia Antonia Alexis,2019-05-14 21:20:09,,117,False,0,"RT @S_Stantcheva: New paper ""The Polarization of Reality."" Americans are polarized not only in their policy views &amp; attitudes, but also inâ€¦",1213614004905660416,,[],,,['S_Stantcheva'],,,2020-01-05 00:11:41,London School of Economics,20475,531,en,PortiaEconomics,1461,953,5
1588143126,Petrofac,2013-07-12 10:32:07,,1,False,0,RT @UKinOman: https://t.co/egUVKswqrL,1213813165546516480,,[],,,['UKinOman'],,,2020-01-05 13:23:04,,612,232,und,PetrofacGroup,157,49,0
1212039012375916546,Dylan Moses Official,2019-12-31 15:53:22,,2,False,0,RT @616evans4: @dylandmoses All Love broâ—ï¸ğŸ™ğŸ¿,1213835387933806593,,[],,,['616evans4'],,,2020-01-05 14:51:23,"Baton Rouge, LA",2608,49,en,dylandmoses,67,64,9
1366676707,Duke & Jones,2013-04-20 10:10:53,,0,False,6,"yeah I keep a stick on me

a 32gb Corsair Survivor Stealth",1213779272436989952,,[],,,,,,2020-01-05 11:08:24,Manchester,1338,1078,en,DukeandJones,3975,492,7
1130817038723801090,×’×‘×™ ××©×›× ×–×™ - Gabi Ashkenazi,2019-05-21 12:46:06,,3,False,96,×›×—×•×œ ×œ×‘×Ÿ ××ª×—×–×§×ª ×•×”×œ×™×›×•×“ × ×—×œ×©. ×× ×™ ××¢×¨×™×š ×©×´×”×‘×œ×•×§×´ ×©×œ × ×ª× ×™×”×• ×œ× ×™×—×–×™×§ ××¢××“ ×‘×‘×—×™×¨×•×ª ×”×§×¨×•×‘×•×ª.,1212639240120614913,,[],,,,,,2020-01-02 07:38:19,,16083,324,iw,GabiashkenaziMK,7,228,42
1171821771097612288,Marc Ross,2019-09-11 16:24:31,,18,False,183,New to Twitter! Let's see how this thing goes @nflnetwork https://t.co/wYNirIWZ3A,1212120327016386568,,[],,,['nflnetwork'],,,2019-12-31 21:16:20,"New York, NY",418,1,en,MarcRoss,3,61,6
1186956287164272645,Waterdogs Lacrosse Club,2019-10-23 10:43:31,,0,False,57,Sprinting to weekend activities like ğŸƒâ€â™‚ï¸ https://t.co/kTotXddCGN,1213547352222384128,,[],,,,,,2020-01-04 19:46:50,,7550,89,en,PLLWaterdogs,120,8,10
1191460726604533765,Revelation Tour,2019-11-04 21:02:43,,1,False,8,"Remembering the show in Barcelona ğŸ’¥ ğŸ‡ªğŸ‡¸ 
@PrimeraFilaCat #RevelationTour https://t.co/RUfQy5ijHc",1213791837556789248,,['RevelationTour'],,,['PrimeraFilaCat'],,,2020-01-05 11:58:19,,661,1393,en,Revelation_Tour,1663,48,0
855550675,Rick Leonard,2012-10-01 00:03:02,,25,False,0,"RT @AggieFootball: Family forever âœŠ

Coach Fisher got to catch up with his @HoustonTexans, Rod Johnson &amp; Rick Leonard!

#GigEm https://t.coâ€¦",1212111868447330304,,['GigEm'],,,['AggieFootball'],,,2019-12-31 20:42:44,,4282,1635,en,RickLeonard73,3459,352,53
1206978927928979456,The Washington Post Press Freedom Partnership,2019-12-17 16:46:28,,0,False,1,Introducing the @washingtonpost Press Freedom Partnership account. Follow us to learn about the most current issuesâ€¦ https://t.co/fHNePR4zIh,1212827983016349696,,[],,,['washingtonpost'],,,2020-01-02 20:08:19,"Washignton, D.C.",13,1,en,wppressfreedom,0,0,0
119620109,RaÃºl GutiÃ©rrez,2010-03-04 04:43:58,,0,False,0,"@reeg_pg Que va a llegar pero no va a ganar, en la siguiente ventanilla se programa un tiro por si tienes alguna bronca ğŸ˜¡",1213684172264394754,,[],,,['reeg_pg'],,,2020-01-05 04:50:30,MÃ©xico,964,12200,es,rulogtz7,5255,2871,9
122970277,Shamina Singh,2010-03-14 14:37:33,,86,False,0,"RT @FastCompany: Mastercard's CEO says a decency quotient, or ""DQ"" is as important as IQ or EQ. https://t.co/ywVyXNPCKn",1210717589459988481,,[],,,['FastCompany'],,,2019-12-28 00:22:22,"New York, NY",3015,2085,en,shaminasingh,1874,356,142
1141735286407176192,Sol Body,2019-06-20 15:51:19,,3,False,54,"obsessed  âœ¨

ğŸ“¸:georgiagracefitz https://t.co/9wcIsEwDUG",1213837624181321728,,[],,,,,,2020-01-05 15:00:16,wherever the sun is shiningâ˜€ï¸,72701,1335,en,SolBodyCo,1792,3,8
855200498646794240,FourthRayBeauty,2017-04-20 23:24:22,,10,False,104,SUNDAY MOOD ğŸ˜Œ https://t.co/JyurcdByWe,1213837624000970754,,[],,,,,,2020-01-05 15:00:16,,101583,2320,en,FourthRayBeauty,2982,12,23
979455224,Damian Musto,2012-11-30 00:41:15,,574,False,7929,Gracias Dios por este nuevo desafÃ­o en este gran Club que me abre las puertas . Gracias por confiar en mi. Vamos poâ€¦ https://t.co/MvcRA5IUFP,1211676519267020800,,[],,,,,,2019-12-30 15:52:48,,23619,850,es,damianalazan5,265,179,30
184164817,Federico Severini,2010-08-28 21:30:54,,557,False,1429,SIEMPRE llega alguien para hacerte la vida mas BONITA.,1213539483796287502,,[],,,,,,2020-01-04 19:15:34,"Barranquilla, Colombia",20394,5163,es,SeveriniFede,14938,174,19
1194202635114557440,Google Health,2019-11-12 10:39:09,,58,False,182,You can read more here -https://t.co/A50LOnhYek,1212435098718609409,,[],,,,,,2020-01-01 18:07:08,,4605,2,en,GoogleHealth,0,39,26
135475913,Shailesh Reddy,2010-04-21 12:09:35,,1,False,0,"RT @TSATnetwork: T-SAT Special Programmes Telecast Schedule 06.01.2020
@shaileshreddi https://t.co/CCok2Sk8ue",1213806767659868160,,[],,,['TSATnetwork'],,,2020-01-05 12:57:39,Hyderabad,4317,4987,en,shaileshreddi,4909,214,17
395511307,FidelityJobs,2011-10-21 19:40:39,,1,False,1,Laughter at the office may be the best medicine: https://t.co/YJXGIpS7tZ #FidelityAssociate,1213558231819325440,,['FidelityAssociate'],,,,,,2020-01-04 20:30:03,"Boston, MA",5328,14328,en,FidelityJobs,355,817,88
1211996685901058048,à²•à²°à³à²¨à²¾à²Ÿà²•-à²¸à²¾à²°à³à²µà²œà²¨à²¿à²•à²¸à²‚à²ªà²°à³à²•/Karnataka-Public Relation,2019-12-31 13:05:31,,0,False,1,"@Sanjaysanju83 à²®à²¾à²¨à³à²¯à²°à³‡ ,
à²¨à²¿à²®à³à²® à²¦à³‚à²°à²¨à³à²¨à³ à²¦à²¾à²–à²²à²¿à²¸à²¿à²•à³Šà²³à³à²³à²²à²¾à²—à²¿à²¦à³†. à²¦à³‚à²°à³ à²¦à²¾à²–à²²à²¾à²¤à²¿ à²¸à²‚à²–à³à²¯à³†. à²•à³†.à²µà²¿.670120 à²ˆ à²¦à³‚à²°à²¨à³à²¨à³ à²¸à²‚à²¬à²‚à²§à²ªà²Ÿà³à²Ÿ à²‡â€¦ https://t.co/8qXMfg3i30",1213840928860852229,,[],,,['Sanjaysanju83'],,,2020-01-05 15:13:24,Karnataka,2437,136,kn,Karnataka_DIPR,99,71,1
1139111381083443200,Jal Jeevan Mission,2019-06-13 10:04:51,,5,False,18,"#JalJeevanMission aims to provide #FunctionalHouseholdTapConnection to every rural household by 2024, in partner'sâ€¦ https://t.co/jv6DsezxaM",1210412442251153408,,"['JalJeevanMission', 'FunctionalHouseholdTapConnection']",,,,,,2019-12-27 04:09:49,,1311,185,en,jaljeevan_,8,91,2
121886279,ğ™”ğ™–ğ™œğ™¤ ğ™™ğ™š ğ™‘ğ™šğ™œğ™–,2010-03-10 22:53:15,,4,False,28,"La peor generaciÃ³n de polÃ­ticos de este paÃ­s, de largo... ğŸ¤¦ğŸ»â€â™‚ï¸ https://t.co/Nqys81sKal",1213792741643214850,,[],,,,,,2020-01-05 12:01:55,Madrid,14329,24948,es,YagodeVega,2112,869,309
1066064184,Ministry of Tourism,2013-01-06 16:14:33,,56,False,0,RT @prahladspatel: à¤°à¤¾à¤® à¤œà¤¨à¥à¤®à¤­à¥‚à¤®à¤¿ à¤†à¤¨à¥à¤¦à¥‹à¤²à¤¨ à¤•à¥‡ à¤µà¤°à¤¿à¤·à¥à¤  à¤¨à¥‡à¤¤à¤¾ à¤ªà¥‚à¤°à¥à¤µ à¤®à¥à¤–à¥à¤¯à¤®à¤‚à¤¤à¥à¤°à¥€ à¤à¤µà¤‚ à¤ªà¥‚à¤°à¥à¤µ à¤°à¤¾à¤œà¥à¤¯à¤ªà¤¾à¤² à¤† à¤•à¤²à¥à¤¯à¤¾à¤£ à¤¸à¤¿à¤‚à¤¹ à¤œà¥€ à¤•à¥‹ à¤œà¤¨à¥à¤®à¤¦à¤¿à¤¨ à¤•à¥€ à¤¹à¤¾à¤°à¥à¤¦à¤¿à¤• à¤¶à¥à¤­à¤•à¤¾à¤®à¤¨à¤¾â€¦,1213841705012609025,,[],,,['prahladspatel'],,,2020-01-05 15:16:29,"New Delhi, India",129427,7199,hi,tourismgoi,4268,466,474
19019165,è‡§æ™ºæ¸ŠZhiyuan Zang,2009-01-15 11:56:46,,8,False,0,RT @itm_mobile: 50RT 5Gã‚¹ãƒãƒ›å¸‚å ´ã«ä¾¡æ ¼ç ´å£Šã€€XiaomiãŒç´„3ä¸‡å††ã®ã€ŒRedMi K30 5Gã€ã‚’ä¸­å›½ã§ç™ºå£² https://t.co/cmJm30Rwme,1213719752339668992,,[],,,['itm_mobile'],,,2020-01-05 07:11:53,Beijing & Tokyo,1062,591,ja,zzyln,71,231,5
887675246970417152,Ø¯ÛŒ ÙˆØ§Ø¦Ø± Ø§Ø±Ø¯Ùˆ,2017-07-19 14:07:25,,1,False,4,"Ø¢Ø³Ù¹Ø±ÛŒÙ„ÛŒØ§ Ú©Û’ Ø¬Ù†Ú¯Ù„ÙˆÚº Ù…ÛŒÚº Ù„Ú¯ÛŒ Ø®ÙˆÙÙ†Ø§Ú© Ø¢Ú¯ Ù…ÛŒÚº ØªÙ‚Ø±ÛŒØ¨Ø§Ù‹ 50 Ú©Ø±ÙˆÚ‘ Ø¬Ø§Ù†ÙˆØ±ÙˆÚº Ú©ÛŒ Ù…ÙˆØª

https://t.co/0NZ1lqQt8j",1213837558075076608,,[],,,,,,2020-01-05 15:00:00,"New Delhi, India",10436,13947,ur,TheWireUrdu,355,67,22
1027413414,Alaina Castillo,2012-12-22 00:15:25,,12,False,84,"thank u so much to @amazonmusic for picking me as one of their 2020 Artists to Watch ğŸ¥º 

listen to the playlist herâ€¦ https://t.co/7vmrcWybmD",1213256329965527040,,[],,,['amazonmusic'],,,2020-01-04 00:30:24,,8755,2525,en,alainacastillo5,5190,16,12
1161804899971026944,SCMP Hong Kong,2019-08-15 01:00:48,,0,False,0,Bees sting group of about 10 on popular trail in Hong Kongâ€™s Pat Sin Leng Country Park https://t.co/JPdzt4gQuP,1213838441022132224,,[],,,,,,2020-01-05 15:03:31,Hong Kong,7995,3103,en,SCMPHongKong,0,9,90
2495483545,Mark Footer,2014-05-15 02:00:02,,17,False,0,RT @BenjaminRamm: https://t.co/CS8FMCnY6L,1213444820087132160,,[],,,['BenjaminRamm'],,,2020-01-04 12:59:24,Hong Kong,162,367,und,9815_mark,327,281,3
1215274375,Olga Wong,2013-02-24 11:48:40,,2359,False,0,RT @ThomasHHChan: #NOW HKUST president Wei Shyy was teary-eyed at this morningâ€™s graduation ceremony session when he learned of the news abâ€¦,1192642308664987649,,['NOW'],,,['ThomasHHChan'],,,2019-11-08 03:17:39,Hong Kong,1518,563,en,Olgawys,7,68,51
361203900,Josh Ye è‘‰å˜‰æ ©,2011-08-24 12:23:44,,2,False,0,RT @AbacusNews: #Fortnite is 2019â€™s top-grossing game despite making no money in China https://t.co/WIEwJDX0dI,1213600534806122499,,['Fortnite'],,,['AbacusNews'],,,2020-01-04 23:18:09,Hong Kong,946,1696,en,TheRealJoshYe,1666,1943,25
102769529,Elaine Ly,2010-01-07 19:35:54,,1528,False,0,"RT @camanpour: Soleimani was at the height of his power when he was taken out. But it's not the person you take out, itâ€™s what they leave bâ€¦",1213537469917872131,,[],,,['camanpour'],,,2020-01-04 19:07:33,Hong Kong,1383,3925,en,elaineyyly,1275,2660,48
911233681,Edward Boyd,2012-10-28 22:23:59,,2,False,2,Let the blame game begin! Opal Tower builder pins cracks on designer https://t.co/jCCRnHsKUd,1202053130424180736,,[],,,,,,2019-12-04 02:32:54,Sydney,552,325,en,eboyd_journo,789,494,20
1150749861798645761,Lo de Ã‰vole,2019-07-15 12:52:01,,0,False,3,@LaLigaDeRafa @jordievole Contigo empezÃ³ todo ğŸ˜…,1213374094424657921,,[],,,['LaLigaDeRafa'],,,2020-01-04 08:18:22,,8583,9,es,LoDeEvole,12,10,11
1461659431,PayTabs,2013-05-27 08:59:23,,0,False,0,"@ahmhasan96 Ù…Ø±Ø­Ø¨Ø§Ù‹,

ÙŠØ±Ø¬Ù‰ Ù…Ù†Ùƒ Ø§Ù„ØªÙˆØ§ØµÙ„ Ù…Ø¹Ù†Ø§ Ø¹Ù„Ù‰ customercare@paytabs.com ÙˆØªØ²ÙˆÙŠØ¯Ù†Ø§ Ø¨Ø¬Ù…ÙŠØ¹ Ø§Ù„ØªÙØ§ØµÙŠÙ„.

ÙØ±ÙŠÙ‚ Ø¨ÙŠØªØ§Ø¨Ø³",1213698839170953216,,[],,,['ahmhasan96'],,,2020-01-05 05:48:47,MENA,5961,1738,ar,PayTabs,243,1190,47
1207707937688489984,Real Racing Club Esports,2019-12-19 17:03:12,,8,False,0,"RT @realracingclub: ğŸ¤” Â¿Te gustarÃ­a formar parte de nuestro equipo en #eLaLigaSantander? ğŸ”œğŸ®

Â¡InscrÃ­bete en el Draft de @esportslaliga y demâ€¦",1213219471260889088,,['eLaLigaSantander'],,,['realracingclub'],,,2020-01-03 22:03:57,"Santander, Cantabria",11,2,es,RRCesports,0,1,0
166806263,í¬ë§ë¸Œë¦¬ì§€ (Hope Bridge),2010-07-15 01:37:37,,0,False,0,"ì˜¬í•´ë„ ì•ˆë…•-
ìƒˆí•´ ë³µ ë§ì´ ë°›ìœ¼ì„¸ìš”! ğŸ™ŒğŸ»ğŸ’ğŸ¥°

#Happy_New_Year https://t.co/BSHzrlr0Hx",1211918516237946880,,['Happy_New_Year'],,,,,,2019-12-31 07:54:25,seoul,2584,1595,ko,relief_sos,15,2889,37
157039114,Shripal Shah,2010-06-18 17:33:57,,5,False,0,RT @patdennis: NEW Trump report shows an additional $50k to controversial Gerritt Lansing company that prompted internal RNC investigationâ€¦,1213127905477320712,,[],,,['patdennis'],,,2020-01-03 16:00:06,DC,2418,4367,en,shripal734,6326,1756,78
1204439457073487872,JO1,2019-12-10 16:35:29,,5954,False,0,"RT @ABCMART_INFO: æ–°ãŸãªå¹´ğŸ­ ã©ã‚“ãªä¸€æ­©ã‚’è¸ã¿å‡ºã™ã‹æ±ºã‚ã‚‰ã‚Œã¾ã—ãŸã‹ï¼Ÿ
 #JO1 ã¨å§‹å‹•ã™ã‚‹ #NIKE_ONEã€€ãƒ—ãƒ­ã‚¸ã‚§ã‚¯ãƒˆ
ãŠå¹´ç‰å‹•ç”»ã€ãŠå¾…ãŸã›ã—ã¾ã—ãŸğŸ¥°
æ–°ã—ã„ #AIRMAX ã‚’å±¥ã„ã¦ğŸ‘Ÿã“ã‚Œã¾ã§ä¼šãˆãªã‹ã£ãŸ
è‡ªåˆ†ã«ä¼šãˆãŸã‚‰ã„ã„ã§ã™ã­ã‡~ğŸŒˆå¤¢ã‚’æŒã£ã¦ã€â€¦",1213001743119728645,,"['JO1', 'NIKE_ONE', 'AIRMAX']",,,['ABCMART_INFO'],,,2020-01-03 07:38:46,Japan,209107,27,ja,official_jo1,0,0,294
166421433,Parag Mehta,2010-07-14 03:12:20,,1,False,8,Happy New Year! May your #2020vision find fulfillment in the year ahead ğŸ¥³2ï¸âƒ£0ï¸âƒ£2ï¸âƒ£0ï¸âƒ£ğŸŠ https://t.co/2Ce596rGYh,1212474579676991489,,['2020vision'],,,,,,2020-01-01 20:44:01,"White Plains, NY",2210,377,en,paragie,4941,2274,30
1184024283342950401,Polizei Ravensburg,2019-10-15 08:32:55,,1,False,6,"Behind the Scenes- neue Einblicke...ğŸ‘€

...in die Arbeit der Polizisten in der Region Bodensee-Oberschwaben bekommtâ€¦ https://t.co/YOykW1a1dE",1213132290672472064,,[],,,,,,2020-01-03 16:17:31,Ravensburg,119,3,de,PolizeiRV,3,8,3
1184022676488314880,Polizei Pforzheim,2019-10-15 08:26:38,,1,False,2,"+++ Update - Nachtragsmeldung zu #Feuer in #Baiersbronn +++
#Brand #GaststÃ¤tte #Traube #Tonbach

Hier geht's zur PMâ€¦ https://t.co/1q4TrKdtSF",1213821636207624198,,"['Feuer', 'Baiersbronn', 'Brand', 'GaststÃ¤tte', 'Traube', 'Tonbach']",,,,,,2020-01-05 13:56:44,"Pforzheim, Deutschland",177,19,de,PolizeiPF,6,88,3
394263283,Gaby Meza,2011-10-19 20:27:07,,0,False,2,@Gab_elmasmejor @JMZarateR @autodinamicomx X3,1213706257560850433,,[],,,['Gab_elmasmejor'],,,2020-01-05 06:18:16,MÃ©xico,151468,24930,und,GabyMeza8,32880,1228,395
34727288,oscar uriel,2009-04-23 20:58:32,,0,False,4,https://t.co/Dq8kmqgXXp.the.shadows. https://t.co/nLWuQbLGSk,1213784023144828933,,[],,,,,,2020-01-05 11:27:16,,61470,62565,und,oscaruriel,17205,2244,507
1083456134088925184,Jeff Hafley,2019-01-10 20:10:46,,423,False,3289,"The new journey now begins. 

To the BC community, I'm now in and once again I ask all of you to #GetIn. Let's allâ€¦ https://t.co/uDDp83yCL7",1211414191086723074,,['GetIn'],,,,,,2019-12-29 22:30:24,"Chestnut Hill, Mass.",12777,123,en,CoachJeffHafley,214,300,24
1185220099462123520,IN EXTENSO SUPERSEVENS Rugby,2019-10-18 15:48:16,,7,False,27,"Nouvelle annÃ©e, nouvelle rÃ©solution en 2020 câ€™est dit, je me mets au rugby Ã  7 !
Et pourquoi ne pas commencer le 1eâ€¦ https://t.co/loxeb6aBxv",1212750533733371904,,[],,,,,,2020-01-02 15:00:33,,696,66,fr,supersevens,39,57,1
890994369846796288,Dalvin Brown,2017-07-28 17:56:26,,0,False,0,@Dandsmithy what did it say?,1213102089292992513,,[],,,['Dandsmithy'],,,2020-01-03 14:17:31,"New York, USA",1058,628,en,dalvin_brown,1271,971,24
881504516260196352,ADSW,2017-07-02 13:27:09,,0,False,0,ØªØ³Ø§Ù‡Ù… Ø§Ù„ØªÙƒÙ†ÙˆÙ„ÙˆØ¬ÙŠØ§ Ø§Ù„Ø­ÙŠÙˆÙŠØ© ÙÙŠ Ù…ÙˆØ§Ø¬Ù‡Ø© Ø§Ù„ØªØ­Ø¯ÙŠØ§Øª Ø§Ù„Ø£ÙƒØ«Ø± Ø¥Ù„Ø­Ø§Ø­Ø§Ù‹ Ø¶Ù…Ù† Ù‚Ø·Ø§Ø¹ Ø§Ù„Ø±Ø¹Ø§ÙŠØ© Ø§Ù„ØµØ­ÙŠØ© Ø¨Ù…Ø§ ÙÙŠ Ø°Ù„Ùƒ Ù…ÙƒØ§ÙØ­Ø© Ø§Ù„Ø£Ù…Ø±Ø§Ø¶. Ø´Ø§Ø±Ùƒâ€¦ https://t.co/oGA0WoCmxS,1213764572420677632,,[],,,,,,2020-01-05 10:09:59,"Masdar City, Abu Dhabi, UAE",18600,2393,ar,ADSWagenda,700,487,15
145187954,SaudiNIC,2010-05-18 09:55:47,,0,False,0,"@i7mada Ø¨Ø§Ù…ÙƒØ§Ù†Ùƒ Ø§Ø®ØªÙŠØ§Ø± Ø§Ø³Ù€Ù… Ù…Ù…Ù€ÙŠÙ€Ø² 
Ù…Ù† Ø­Ø±ÙÙŠÙ† Ø§Ùˆ Ø«Ù„Ø§Ø«Ù‡ Ø§Ø­Ø±Ù 
ÙˆØ¯Ø¹Ù… Ø·Ù„Ø¨Ùƒ Ø¨Ø§Ù„Ù‡ÙˆÙŠØ© Ø§Ù„ÙˆØ·Ù†ÙŠØ©

Ù…Ø«Ù„Ø§ Ø£Ø³Ù… Ø§Ù„ÙØ±Ø¯ :

 (Ø£Ø­Ù…Ø¯ Ù…Ø­Ù…â€¦ https://t.co/naQhZZVZO2",1213462551851343872,,[],,,['i7mada'],,,2020-01-04 14:09:52,Saudi Arabia - Riyadh,808,279,ar,SaudiNIC,22,0,15
779998528865234944,Ø£Ø³Ø§Ù…Ø© Ø§Ù„Ø´Ø¹ÙØ§Ø±,2016-09-25 10:58:35,,7,False,41,ÙƒÙ„ Ø¹Ø§Ù… ÙˆØ§Ù„Ø¬Ù…ÙŠØ¹ Ø¨Ø£Ù„Ù Ø®ÙŠØ± ğŸ’› https://t.co/qoLRO3z8uR,1212236062271004677,,[],,,,,,2020-01-01 04:56:14,"Dubai, United Arab Emirates",3030,136,ar,OsamaAlshafar,1063,154,4
1036598780877922309,JBJ95,2018-09-03 12:56:23,,524,False,994,ë…¸ì¼,1205478706249994240,,[],,,,,,2019-12-13 13:24:54,,62145,310,ko,jbj95,0,1,538
1037676337,Nawaf Salam Ù†ÙˆØ§Ù Ø³Ù„Ø§Ù…,2012-12-26 17:51:28,,421,False,2501,Ø§Ù„ØªØ³Ø¬ÙŠÙ„ Ø§Ù„ØµÙˆØªÙŠ Ø§Ù„Ø°ÙŠ ÙŠØªØ¯Ø§ÙˆÙ„Ù‡ Ø§Ù„Ø¨Ø¹Ø¶ ÙƒÙ„Ø§Ù… Ø³Ø®ÙŠÙ ÙˆØ¨Ø°ÙŠØ¡. ÙˆØ§Ù„Ø§Ø¯Ø¹Ø§Ø¡ Ø§Ù†Ù†ÙŠ ØµØ§Ø­Ø¨Ù‡ ÙØµÙ„ Ø¬Ø¯ÙŠØ¯ Ù…Ù† Ø§Ù„Ù…Ø­Ø§ÙˆÙ„Ø§Øª Ø§Ù„ÙŠØ§Ø¦Ø³Ø© Ù„ØªØ´ÙˆÙŠÙ‡ Ø³Ù…Ø¹ØªÙŠ.â€¦ https://t.co/cYJUBu3j6d,1209858383488139264,,[],,,,,,2019-12-25 15:28:11,The Hague | Paris | Beirut,10772,1595,ar,nawafasalam,1189,211,74
1140953527096926209,The Astronauts Dubai TV,2019-06-18 12:04:53,,1,False,4,"ÙØ±ØµØªÙƒ Ù„Ù„Ø§Ø´ØªØ±Ø§Ùƒ Ø¨Ø§Ù„Ù…ÙˆØ³Ù… Ø§Ù„Ø«Ø§Ù†ÙŠ
Ù‡Ù„ Ø­Ù„Ù…Øª ÙŠÙˆÙ…Ø§ Ø£Ù† ØªØµØ¨Ø­/ØªØµØ¨Ø­ÙŠÙ† Ø±Ø§Ø¦Ø¯/Ø±Ø§Ø¦Ø¯Ø© ÙØ¶Ø§Ø¡ØŸ Ø§Ù„Ø­Ù„Ù… Ø£ØµØ¨Ø­ Ø­Ù‚ÙŠÙ‚Ø© ÙØ¨Ø¹Ø¯ Ø§Ù†Ø·Ù„Ø§Ù‚ Ø§Ù„Ù…ÙˆØ³Ù… Ø§Ù„Ø£Ùˆâ€¦ https://t.co/DpVRScTH3y",1213460456897175554,,[],,,,,,2020-01-04 14:01:32,"Dubai, UAE",22555,482,ar,TheAstronautsAr,70,4,2
4339751535,YORKksa,2015-12-01 12:40:50,,0,False,1,ØªÙØ®Ø± #Ø¢Ù„_Ø³Ø§Ù„Ù…_Ø¬ÙˆÙ†Ø³ÙˆÙ†_ÙƒÙ†ØªØ±ÙˆÙ„Ø² #ÙŠÙˆØ±Ùƒ Ù„ØªØµØ¯ÙŠØ±Ù‡Ø§ ÙˆØ­Ø¯Ø§Øª Ø§Ù„ØªÙƒÙŠÙŠÙ ÙˆØ§Ù„ØªØ¨Ø±ÙŠØ¯ Ø³Ø¹ÙˆØ¯ÙŠØ© Ø§Ù„ØµÙ†Ø¹ Ù„Ø£ÙƒØ«Ø± Ù…Ù† 20 Ø¯ÙˆÙ„Ø©Ø› Ø­ÙŠØ« ØªÙ‚ÙˆÙ… Ø¨ØªØµØ¯ÙŠØ± Ù†â€¦ https://t.co/CBiIdl1swg,1213834012789288961,,"['Ø¢Ù„_Ø³Ø§Ù„Ù…_Ø¬ÙˆÙ†Ø³ÙˆÙ†_ÙƒÙ†ØªØ±ÙˆÙ„Ø²', 'ÙŠÙˆØ±Ùƒ']",,,,,,2020-01-05 14:45:55,Kingdom of Saudi Arabia,54650,5058,ar,YORKksa,81,1,22
549052340,Ù‡ÙŠØ¦Ø© Ø§Ù„Ø´Ø§Ø±Ù‚Ø© Ù„Ù„ÙˆØ«Ø§Ø¦Ù‚ ÙˆØ§Ù„Ø£Ø±Ø´ÙŠÙ,2012-04-09 08:27:02,,1,False,1,"ØªÙ‚Ø±ÙŠØ± Ø£Ø®Ø¨Ø§Ø± Ø§Ù„Ø¯Ø§Ø± : "" Ø§Ù„Ù…ÙƒØªØ¨Ø© Ø§Ù„ØªÙŠÙ…ÙŠØ© Ø£ÙˆÙ„ Ù…ÙƒØªØ¨Ø© Ø¹Ø§Ù…Ø© ØªÙˆØ¬Ø¯ ÙÙŠ Ø¥Ù…Ø§Ø±Ø© Ø§Ù„Ø´Ø§Ø±Ù‚Ø©""
https://t.co/CeryFJhuAk https://t.co/sYrq5WdMLO",1213362660470874113,,[],,,,,,2020-01-04 07:32:56,"Sharjah, United Arab Emirates",6195,1716,ar,shjsdaa,389,71,22
1113717638830727168,90+,2019-04-04 08:19:11,,6,False,27,"ÙˆØªØ­Ù„ Ø§Ù„ÙŠÙˆÙ… Ø°ÙƒØ±Ù‰ ØªØ£Ø³ÙŠØ³ Ø§Ù„Ù†Ø§Ø¯ÙŠ Ø§Ù„Ù…Ù„ÙƒÙŠğŸ”´âšªï¸

ØªØ¹Ø±ÙÙˆØ§ Ø¹Ù„Ù‰ Ø­ÙƒØ§ÙŠØ© Ø´Ø¹Ø§Ø± Ù†Ø§Ø¯ÙŠ #Ø§Ù„Ø²Ù…Ø§Ù„Ùƒ.. ÙƒÙŠÙ Ø¨Ø¯Ø£ØŒ ÙƒÙŠÙ ØªØ·ÙˆØ±ØŒ ÙˆÙ…Ø§ Ø§Ù„Ø°ÙŠ ØªØ±Ù…Ø² Ø¥Ù„ÙŠÙ‡â€¦ https://t.co/gvUZivKZ4b",1213838119973400577,,['Ø§Ù„Ø²Ù…Ø§Ù„Ùƒ'],,,,,,2020-01-05 15:02:14,,26179,1157,ar,90PlusKora,26,0,70
4828963726,Resal -Ø±Ø³Ø§Ù„,2016-01-20 07:33:33,,0,False,0,Ø£Ø´Ù‡Ø± #Ù…ÙˆØ§Ù„ÙŠØ¯_ÙŠÙ†Ø§ÙŠØ± Ø£ÙˆØ¨Ø±Ø§ ÙˆÙŠÙ†ÙØ±ÙŠ ÙˆÙ…Ø§Ø±ØªÙ† Ù„ÙˆØ«Ø± ÙƒÙŠÙ†Ø¬ØŒ Ø¥Ø°Ø§ Ø¥Ù†Øª ØµØ¯ÙŠÙ‚Ù‡Ù… ÙˆÙ…ÙˆÙ„ÙˆØ¯ ÙÙŠ Ù†ÙØ³ Ø§Ù„Ø´Ù‡Ø± ØªØ³ØªØ§Ù‡Ù„ Ù…Ù†Ø§ Ø®ØµÙ… 15% Ø¹Ù„Ù‰ Ù‡Ø¯Ø§ÙŠØ§â€¦ https://t.co/hkOBjX485d,1213794911767744512,,['Ù…ÙˆØ§Ù„ÙŠØ¯_ÙŠÙ†Ø§ÙŠØ±'],,,,,,2020-01-05 12:10:32,Saudi Arabia,14356,1502,ar,Resal_Me,215,0,52
96401470,Brad Rutter,2009-12-12 19:21:47,,80,False,0,RT @ABCNetwork: Happy Holidays from Jeopardy! The Greatest of All Time! #JeopardyGOAT https://t.co/KHJ6N660rS,1209975901191983104,,['JeopardyGOAT'],,,['ABCNetwork'],,,2019-12-25 23:15:09,H'w'd,12054,5470,en,bradrutter,6321,486,113
55538502,NK | Nastia Kamenskykh,2009-07-10 11:42:11,,7,False,57,Â¡Gracias El Especialito por la increÃ¬ble portada! Â¡Estoy muy feliz! ğŸ¤©ğŸ’« https://t.co/2OPFYIZR8N,1136231338099576832,,[],,,,,,2019-06-05 11:20:35,,1144087,2371,es,Kamenskux,15,8,3143
1202631127741140993,RefreshScalpCare,2019-12-05 16:49:47,,,,,,,,,,,,,,,,17,0,,REfreshScalp,0,0,0
16082263,Hussain Haidry | Ø­Ø³ÛŒÙ† Ø­ÛŒØ¯Ø±ÛŒ,2008-09-01 13:46:25,,1240,False,0,"RT @_YogendraYadav: All roads leading to #JNU blocked by @DelhiPolice
Complete cover being provided to goons inside the campus",1213842472528334850,,['JNU'],,,['_YogendraYadav'],,,2020-01-05 15:19:32,"Mumbai, India",14736,28865,en,hussainhaidry,12468,1101,45
1655819478,Sunglo Feeds,2013-08-08 17:32:23,,1,False,5,https://t.co/grt0Fes2uQ,1181932333961748481,,[],,,,,,2019-10-09 14:00:02,,2947,1144,und,SungloFeeds,104,740,3
1118540302313242625,VICTORY Hybrid Canola,2019-04-17 15:42:44,,1,False,1,#DYK Cargill Specialty canola risk free tonnes qualify for ProPricing! Visit https://t.co/c5oAXZIYPH to see other gâ€¦ https://t.co/hX2lxgPPMW,1213150778552135681,,['DYK'],,,,,,2020-01-03 17:30:59,Canada,474,100,en,VICTORYcanola,132,787,1
777927211588448256,Provimi Ruminant,2016-09-19 17:47:55,,74,False,0,RT @CargillEMEA: Weâ€™re committed to bold action on climate that will change agriculture for the better. We will make ag a substantial partâ€¦,1212142512204341248,,[],,,['CargillEMEA'],,,2019-12-31 22:44:30,"Thirsk, England",809,883,en,ProvimiRuminant,3322,1675,3
789515311,Cargill Risk Mgmt,2012-08-29 14:55:50,,0,False,0,Are you ready to tackle risk management this week? Stress testing can help you plan for whatever the market has inâ€¦ https://t.co/PE7nE59jPP,1212720210211459072,,[],,,,,,2020-01-02 13:00:04,,603,1373,en,CargillRiskMgmt,101,110,12
1085208622328700928,Cargill K12 Food Service,2019-01-15 16:14:32,,0,False,2,Learn about how to optimally prepare turkey products here by utilizing these heating instructions from Shady Brookâ€¦ https://t.co/TGOGn0JdZs,1213203407860842502,,[],,,,,,2020-01-03 21:00:07,"Minneapolis, MN",554,331,en,Cargill_K12Food,416,440,5
1034876994167730176,Cargill Grain US,2018-08-29 18:54:37,,0,False,4,"Better your #grainmarketing with @GrainBridge. Real-time insights made simple for #corn, #soybeans and more. https://t.co/mKZRzkRqEN",1212106126189322240,,"['grainmarketing', 'corn', 'soybeans']",,,['GrainBridge'],,,2019-12-31 20:19:54,United States,815,137,en,CargillGrainUS,56,49,6
725179862709878785,AWB,2016-04-27 04:28:47,,3,False,5,"On the back of industry demand for payment security, GrainFlow and @ClearGrain  are now providing a secure settlemeâ€¦ https://t.co/vXhNTGOtan",1211773286377349120,,[],,,['ClearGrain'],,,2019-12-30 22:17:19,"Melbourne, Victoria",1300,515,en,AWBAustralia,704,944,11
19295232,Christina Macfarlane,2009-01-21 16:49:57,,4,False,0,"RT @julianzelizer: Despite Van Drew, it looks like most moderate Democrats will vote for impeachment. @SpeakerPelosi has the votes she needâ€¦",1207278737395527681,,[],,,['julianzelizer'],,,2019-12-18 12:37:35,London,9445,3847,en,chrissymacCNN,2345,869,145
222418521,Anna Stewart,2010-12-03 10:58:30,,0,False,2,"@TheRafey Hope you had a wonderful NY eve, happy 2020 ğŸ¥³",1212467311602470912,,[],,,['TheRafey'],,,2020-01-01 20:15:08,"London, England",3370,2680,en,annastewartcnn,1770,906,116
1608720564,Jessie Campisi,2013-07-20 18:02:42,,0,False,2,"@RachelFrazin @thehill Congrats, Rachel!! So excited to see you kill it on the E&amp;E beat",1213155916830380033,,[],,,['RachelFrazin'],,,2020-01-03 17:51:24,"Washington, DC",773,732,en,jessiecampisi,945,1044,11
3270008076,SOURCEMUSIC FANSTAFF,2015-07-06 13:40:53,,198,False,826,"#ì—¬ìì¹œêµ¬ìŠ¤íƒ­

âœ”ï¸ ë²„ë””ë¼ìš´ì§€ â¤
ì¼ê³± ë²ˆì§¸ ê²Œì‹œë¬¼ ì—…ë¡œë“œ

ìì„¸í•œ ë‚´ìš©ì€ ìœ„ë²„ìŠ¤ ë‚´ 
ë©¤ë²„ì‹­ ì˜¨ë¦¬ íƒ­ì—ì„œ 
í™•ì¸í•´ì£¼ì‹œê¸° ë°”ëë‹ˆë‹¤.",1211935053363601412,,['ì—¬ìì¹œêµ¬ìŠ¤íƒ­'],,,,,,2019-12-31 09:00:08,ì„œìš¸ ê°•ë‚¨êµ¬,39759,993,ko,sourcemusicFS,0,5,98
2442726734,Ø³Ù„Ø§Ù…Ø© Ù„Ù„ØªØ£Ù…ÙŠÙ†,2014-04-13 21:39:38,,0,False,0,"@SamehRa59535880 Ø¹Ø²ÙŠØ²ÙŠ Ø§Ù„Ø¹Ù…ÙŠÙ„ .. Ù„ÙŠØªØ³Ù†Ù‰ Ù„Ù†Ø§ Ø®Ø¯Ù…ØªÙƒ ÙˆØ¥Ø±Ø³Ø§Ù„ Ø§Ù„ÙˆØ«ÙŠÙ‚Ø© Ø§Ù„Ø±Ø¬Ø§Ø¡ Ø§Ù„ØªÙˆØ§ØµÙ„ Ù…Ø¹Ù†Ø§ Ø¹Ø¨Ø± Ø§Ù„Ø±Ù‚Ù… Ø§Ù„Ù…ÙˆØ­Ø¯
920023355 Ù…Ù†â€¦ https://t.co/3pXZ4YGvBz",1213811318899269634,,[],,,['SamehRa59535880'],,,2020-01-05 13:15:44,Kingdom of Saudi Arabia,13526,7076,ar,SalamaCIC,4,3,13
179407717,SOURCEMUSIC,2010-08-17 06:04:33,,751,False,0,"RT @weverseofficial: @GooglePlayã® #GooglePlayBestof 2019ã®ãƒ¦ãƒ¼ã‚¶ãƒ¼æŠ•ç¥¨éƒ¨é–€ã€Œã‚¢ãƒ—ãƒªã‚«ãƒ†ã‚´ãƒªã€(éŸ“å›½)ğŸ†ã«ã€WeverseãŒãƒãƒŸãƒãƒ¼ãƒˆã•ã‚Œã¾ã—ãŸã€‚ğŸ‰

#Weverse ã¯ã‚¢ãƒ¼ãƒ†ã‚£ã‚¹ãƒˆã¨ãƒ•ã‚¡ãƒ³ã®çš†æ§˜ã®è·é›¢ã‚’ã•ã‚‰ã«ç¸®ã‚ã‚‹ã‚ˆã†åŠªâ€¦",1194191671400914945,,"['GooglePlayBestof', 'Weverse']",,,['weverseofficial'],,,2019-11-12 09:54:16,Seoul,116464,1314,ja,SOURCEMUSIC,2,7,234
1182200692112384000,The Seven Deadly Sins: Grand Cross ID,2019-10-10 07:46:51,,0,False,0,"Putri ketiga dari Kerajaan Liones pun pergi dari kerajaan untuk mencari para anggota ""Seven Deadly Sins"".

Dalam peâ€¦ https://t.co/LO0UKCeOLC",1213747079320756230,,[],,,,,,2020-01-05 09:00:28,,147,33,in,7DS_ID,0,0,0
1182157108424278016,The Seven Deadly Sins: Grand Cross,2019-10-10 04:54:08,,187,False,1134,Happy New Year from the entire team working on The Seven Deadly Sins: Grand Cross! We hope you're as excited as weâ€¦ https://t.co/knH3CfcSLc,1212191862506672130,,[],,,,,,2020-01-01 02:00:36,,4804,4,en,7DS_en,37,0,1
1205320949366546433,ç¦å²¡çœŒè­¦å¯Ÿæœ¬éƒ¨å°‘å¹´èª²,2019-12-13 02:59:20,,0,False,0,@angeIy_ https://t.co/A9cIcMBwPR,1210348382260084736,,[],,,['angeIy_'],,,2019-12-26 23:55:16,,69,68,und,fukkei_syounen,6,40,0
2363741011,Axis Mutual Fund,2014-02-27 06:20:23,,0,False,0,"@YashGoshar Hey, we regret the inconvenience caused. Request you to DM us your contact and PAN details we will connect with you.",1212937218848768002,,[],,,['YashGoshar'],,,2020-01-03 03:22:22,,15457,2425,en,AxisMutualFund,299,42,45
936731569,Saliya Pieris,2012-11-09 11:54:56,,9,False,16,"Saddened at the sudden passing away of Justice Prasanna Jayewardene PC. A huge loss to the bench, bar and the countâ€¦ https://t.co/0xfX7WOzu9",1209447420922232832,,[],,,,,,2019-12-24 12:15:10,Sri Lanka,2537,163,en,saliyapieris,132,617,13
65903214,Bhavani Fonseka,2009-08-15 14:07:37,,0,False,0,@CPASL @welikalaa @Inshira_Faliq @khyati_w @LuwieNiranjan The Prevention of Terrorism Act (PTA) will remain unchangâ€¦ https://t.co/ocIG5bXRmf,1213808312057241600,,[],,,['CPASL'],,,2020-01-05 13:03:47,"Colombo, Sri Lanka ",7977,9879,en,bfonseka,3281,814,84
3774128121,"PRO, Hyderabad, Ministry of Defence",2015-09-25 19:32:44,,15,False,84,"Air Commodore T.S.S. Krishnan assumed charge of Deputy Director General of NCC Directorate (AP &amp; Telangana), Secundâ€¦ https://t.co/EDvGBWT87Q",1212286398482407424,,[],,,,,,2020-01-01 08:16:15,"Hyderabad, India",2061,838,en,dprohyd,501,55,10
1039384467293401089,VeritÃ© Law,2018-09-11 05:25:42,,6,False,4,Private Members Bill gazetted to amend the Constitution of #SriLanka on 30 December 2019. The Bill is to be presentâ€¦ https://t.co/1OgttiZzfX,1212974406387085312,,['SriLanka'],,,,,,2020-01-03 05:50:09,,1233,1330,en,VRlawSL,21,47,7
1322239543,Manthri.lk,2013-04-02 10:48:41,,21,False,0,RT @factchecklka: à¶šà·à¶±à·Šà¶­à·à·€à¶±à·Šà¶œà·š à¶‹à·ƒà·ƒà·Š à¶…à¶°à·Šâ€à¶ºà·à¶´à¶±à¶º à·ƒà¶¸à·Šà¶¶à¶±à·Šà¶°à¶ºà·™à¶±à·Š à¶…à¶œà·Šâ€à¶»à·à¶¸à·à¶­à·Šâ€à¶º à¶¸à·„à·’à¶±à·Šà¶¯ à¶»à·à¶¢à¶´à¶šà·Šà·‚ à¶±à·’à·€à·à¶»à¶¯à·’à¶ºà·’ ğŸ‘©â€ğŸ“ | à·€à·à¶©à·’à¶¯à·”à¶» à·€à·’à·ƒà·Šà¶­à¶» à·ƒà¶³à·„à· à¶´à·’à·€à·’à·ƒà·™à¶±à·Šà¶±: https:/â€¦,1209303035572305920,,[],,,['factchecklka'],,,2019-12-24 02:41:26,"Colombo, Sri Lanka",4689,1774,si,ManthriLK,53,80,23
376134184,VeritÃ© Research,2011-09-19 11:03:56,,4,False,0,"RT @EthicsEye: @Poynter highlighted the term â€˜Mistressâ€™ as a term journalists may need to avoid for 3 reasons: the term being sexist, for lâ€¦",1213108625490808832,,[],,,['EthicsEye'],,,2020-01-03 14:43:29,"Colombo, Sri Lanka",3667,4375,en,VeriteResearch,493,387,34
3138512929,Dr.Manish Doshi,2015-04-04 05:13:55,,1,False,0,"RT @Zee24Kalak: àª°àª¾àªœà«àª¯àª®àª¾àª‚ #àª¬àª¾àª³àª•à«‹àª¨àª¾àª‚ àª®à«‹àª¤ àª…àª‚àª—à«‡ àª®àª¨àª¿àª· àª¦à«‹àª¶à«€àª¨à«€ àªªà«àª°àª¤àª¿àª•à«àª°àª¿àª¯àª¾
àª°àª¾àªœà«àª¯àª®àª¾àª‚ 45% àª¡à«‰àª•à«àªŸàª°àª¨à«€ àªœàª—à«àª¯àª¾àª“ àª–àª¾àª²à«€àªƒ àª®àª¨àª¿àª· àª¦à«‹àª¶à«€
àª°àª¾àªœà«àª¯ àª¸àª°àª•àª¾àª°àª¨à«€ àª…àª¨à«‡àª• àª¯à«‹àªœàª¨àª¾àª“â€¦",1213839100517613570,,['àª¬àª¾àª³àª•à«‹àª¨àª¾àª‚'],,,['Zee24Kalak'],,,2020-01-05 15:06:08,"Ahmadabad City, India",10893,4267,gu,drmanishdoshi,1167,219,14
2249132971,Jimmy Lake,2013-12-16 18:22:46,,80,False,0,"RT @UW_Football: Washington welcomes back Terrence Brown as an assistant coach. 

Read: https://t.co/9P4sFFjV6r

#PurpleReign https://t.co/â€¦",1212112407620775941,,['PurpleReign'],,,['UW_Football'],,,2019-12-31 20:44:52,"Seattle, WA",23177,1575,en,CoachLakeUDUB,4756,832,92
978894471806050304,Defence PRO Shillong,2018-03-28 07:20:03,,31,False,0,RT @proudhampur: #LestWeForgetIndia https://t.co/oIC56tY8nD,1213635399479779328,,['LestWeForgetIndia'],,,['proudhampur'],,,2020-01-05 01:36:42,"Shillong, India",3107,3902,und,proshillong,3013,31,10
3034916907,Metro de MedellÃ­n,2015-02-13 16:25:38,,0,False,1,"@Alejand59491859 Hola Alejandro, el @ParqueArvi es una reserva natural gratuita y no tiene valor de ingreso. Dentroâ€¦ https://t.co/zU6L7y4h6v",1213837689398726657,,[],,,['Alejand59491859'],,,2020-01-05 15:00:31,"MedellÃ­n, Colombia",296180,81824,es,metrodemedellin,25507,353,211
234190169,Recetas para Vivir Mejor,2011-01-05 01:43:53,,1,False,0,Estos son los beneficios que podrÃ­a traerte la vida en pareja #RecetasParaVivirMejor https://t.co/ne5mDz1vRY,1213814907654803456,,['RecetasParaVivirMejor'],,,,,,2020-01-05 13:30:00,Miami,45111,191911,es,RecetasPVM,178,272,251
950250138462597120,PRO Defence Gandhinagar,2018-01-08 06:17:42,,31,False,0,RT @proudhampur: #LestWeForgetIndia https://t.co/oIC56tY8nD,1213804439183613952,,['LestWeForgetIndia'],,,['proudhampur'],,,2020-01-05 12:48:24,"Ahmedabad City, India",2457,3918,und,DefencePRO_Guj,3394,156,7
967003340595965952,PRO Defence Tezpur (Assam/Arunachal Pradesh),2018-02-23 11:48:57,,19,False,0,"RT @DefExpoIndia: #DefExpo2020 will hold a number of seminars to discuss 'Digital Transformation of Defence' 

On 5th Febâ€™2020 attend NSDC'â€¦",1213825390483038211,,['DefExpo2020'],,,['DefExpoIndia'],,,2020-01-05 14:11:39,"Tezpur, Assam, India",2064,9532,en,ProAssam,12129,48,4
1115862401579212800,Jerry For Congress,2019-04-10 06:21:43,,0,False,3,Dickinson for Congress lit already showing up in barber shops across the District. #Dickinson2020 #PA18 https://t.co/kWQTyll0pv,1213491343093370887,,"['Dickinson2020', 'PA18']",,,,,,2020-01-04 16:04:16,"Pittsburgh, PA",486,319,en,Dickinson2020,32,456,11
1118558006709555203,Scott Timko,2019-04-17 16:53:05,,0,False,0,"Nikeâ€™s spokesman.  

#Nike https://t.co/tBczzScwFK",1213813686298710016,,['Nike'],,,,,,2020-01-05 13:25:09,"Pittsburgh, PA",122,252,en,ScottTimkoPA,2,59,2
1177250021063843841,Brian Thomsen,2019-09-26 15:54:29,,14,False,12,ICYMI: I'm running for Congress! #PA17 https://t.co/FJ257bH2gI,1179535367197741056,,['PA17'],,,,,,2019-10-02 23:15:20,,191,2,en,ThomsenForPA,0,0,3
252692510,Kristy Gnibus for Congress PA16,2011-02-15 18:25:03,,1,False,0,"RT @BobMerski: Congratulations to @JDLavery and @LaveryBrewing on their PA Farm Show wins!
1st place for Double Dulachan (IPA over 7.5%)
1sâ€¦",1213624898339389441,,[],,,['BobMerski'],,,2020-01-05 00:54:58,"Erie,PA",3489,2736,en,kristy4congress,2383,1561,21
106749227,Edward DeSantis,2010-01-20 15:39:28,,0,False,0,Not to mention a war crime. https://t.co/Ya11LlFCu6,1213736893898199040,,[],,,,,,2020-01-05 08:20:00,"Sharon, PA",274,406,en,Edward_Pa16,364,340,2
975577002764849153,Sarah Hammond,2018-03-19 03:37:37,,0,False,1,@RepSmucker signed onto a statement today urging the Supreme Court to revisit (ie overrule) Roe v. Wade + other rulâ€¦ https://t.co/B9FdukrtlC,1212898530618171393,,[],,,['RepSmucker'],,,2020-01-03 00:48:38,"Lancaster, PA",326,309,en,HammondForPA,843,330,3
37820650,Eugene DePasquale,2009-05-05 01:27:36,,5,False,0,RT @DePasqualePA: To get on the ballot we have to collect petition signatures from our fellow neighbors. This will be our first big test inâ€¦,1213655656043098112,,[],,,['DePasqualePA'],,,2020-01-05 02:57:11,"York, PA",9862,23381,en,DePasqualePA,3011,862,266
2742340060,Victor Zarate,2014-08-14 02:43:40,,0,False,0,Retomado cuenta ğŸ™‚ https://t.co/C0tbqiRzVI,1209198500979912719,,[],,,,,,2019-12-23 19:46:03,,93,10,es,cocinologo1,8,60,0
1083275953025871873,"PRO Udhampur, Ministry of Defence",2019-01-10 08:14:48,,31,False,123,#LestWeForgetIndia https://t.co/oIC56tY8nD,1213422110472753153,,['LestWeForgetIndia'],,,,,,2020-01-04 11:29:10,India ,569,313,und,proudhampur,191,56,1
1050425303993118723,Tom Brier,2018-10-11 16:38:03,,0,False,0,"JFKâ€™s approach to diplomacy:

""Keep strong, if possible. In any case, keep cool. Have unlimited patience. Never corâ€¦ https://t.co/nUylWT9ObA",1213837210698633218,,[],,,,,,2020-01-05 14:58:37,"Hershey, PA",610,812,en,Brier4Congress,1768,1005,7
1000258602290921472,PRO Defence Lucknow,2018-05-26 06:13:29,,91,False,0,"RT @drajaykumar_ias: World's longest tunnel (8.6 km) above 3000m, Rohtang Tunnel, between Manali &amp; LahaulSpiti,  built by @BROindia is nameâ€¦",1210459919746355200,,[],,,['drajaykumar_ias'],,,2019-12-27 07:18:28,Lucknow,1759,828,en,ProDefLko,635,45,6
989735623668858882,PRO Defence Imphal (Manipur),2018-04-27 05:18:55,,337,False,0,"RT @SpokespersonMoD: General Manoj Mukund Naravane takes over as the Chief of Army Staff   from the outgoing #COAS General Bipin Rawat, todâ€¦",1212283154918068225,,['COAS'],,,['SpokespersonMoD'],,,2020-01-01 08:03:21,"Imphal, India",2037,604,en,PRODefImphal,75,52,7
3070310078,India in Norway,2015-03-09 21:49:46,,0,False,0,MEA Performance Dashboard https://t.co/oAAo8O0hc8,1213145213763543040,,[],,,,,,2020-01-03 17:08:52,"Oslo, Norway",11312,4605,en,IndiainNorway,56,128,26
3274648093,"India in Switzerland, The Holy See & Liechtenstein",2015-07-10 14:26:20,,2,False,10,"Retracing Engagement in Swiss Cities 2018 &amp; 2019 - DAVOS: 
Glimpses of engagements in DAVOS.â€¦ https://t.co/ZE3ms3uMXV",1213572265230684162,,[],,,,,,2020-01-04 21:25:49,"Berne, Switzerland",15440,6866,fr,IndiainSwiss,2205,131,44
961567494870794240,India in Malta,2018-02-08 11:48:50,,6105,False,0,RT @MEAIndia: India strongly condemns vandalism at the holy Nankana Sahib Gurudwara in Pakistan and calls upon Pakistan to take immediate sâ€¦,1213162902250819584,,[],,,['MEAIndia'],,,2020-01-03 18:19:10,Malta,130,542,en,IndiainMalta,27,18,5
897753047052562432,India in Tajikistan,2017-08-16 09:33:00,,2,False,6,"Ambassador @VirajSinghIFS interacting with Tajik Yoga practitioners at Indian Cultural Centre, Dushanbe. Participanâ€¦ https://t.co/qmnaNBmPkq",1211923481455185921,,[],,,['VirajSinghIFS'],,,2019-12-31 08:14:09,Tajikistan,337,495,en,IndEmbDushanbe,129,169,4
823825772632678400,India in DPR Korea à¤¡à¤¿.à¤ªà¥€.à¤°à¤¿.à¤•à¥‹à¤°à¤¿à¤¯à¤¾ à¤®à¥‡à¤‚ à¤­à¤¾à¤°à¤¤,2017-01-24 09:32:24,,460,False,0,"RT @rashtrapatibhvn: General MM Naravane, Chief of the Army Staff, called on President Kovind at Rashtrapati Bhavan https://t.co/oEVNr6bq55",1213294123727433728,,[],,,['rashtrapatibhvn'],,,2020-01-04 03:00:35,pyongyang,316,762,en,indembpyongyang,1509,8,6
1197359874419699713,"Protector of Emigrants, Bengaluru",2019-11-21 03:43:56,,42,False,0,RT @compolmlr: Had the honour of calling on the youngest guy at heart of mangaluru city.. shri Joe Gonsalves (98) an inspirationto all of uâ€¦,1207153395448057857,,[],,,['compolmlr'],,,2019-12-18 04:19:31,"Bengaluru, India",17,14,en,PoEBengaluru,0,49,0
352257708,Aus-IndYouthDialogue,2011-08-10 11:00:21,,0,False,13,"#AIYD2020 delegate: Apurwa Sarve is the Head of Strategy at Swisse Wellness, an iconic Australian wellness companyâ€¦ https://t.co/mzH7UTjQUv",1210409971818516480,,['AIYD2020'],,,,,,2019-12-27 04:00:00,Australia and India,2849,5511,en,AIYouthDialogue,1311,479,28
50881464,Arif Shaikh,2009-06-26 02:20:30,,7,False,0,RT @bastar_police: à¤›à¤¤à¥à¤¤à¥€à¤¸à¤—à¤¢à¤¼ à¤†à¤ˆà¤ªà¥€à¤à¤¸ à¤à¤¸à¥‹à¤¸à¤¿à¤à¤¶à¤¨ à¤•à¥€ à¤“à¤° à¤¸à¥‡ à¤®à¤¾à¤¨à¤¨à¥€à¤¯ HCM  à¤¸à¥‡  à¤¨à¤µ à¤µà¤°à¥à¤· à¤•à¥€ à¤¹à¤¾à¤°à¥à¤¦à¤¿à¤• à¤¶à¥à¤­à¤•à¤¾à¤®à¤¨à¤¾ à¤¦à¥€ à¤—à¤ˆà¥¤ à¤®à¤¾à¤¨à¤¨à¥€à¤¯ à¤®à¥à¤–à¥à¤¯à¤®à¤‚à¤¤à¥à¤°à¥€ à¤¦à¥à¤µà¤¾à¤°à¤¾ à¤µà¤°à¥à¤· 201â€¦,1213470530872852481,,[],,,['bastar_police'],,,2020-01-04 14:41:34,"Raipur, India",1464,187,hi,arifhs1,427,205,1
106150728,GP Singh,2010-01-18 17:16:47,,20,False,153,"Barsapara cricket stadium at guwahati is ready to receive the guests, players and spectators. Letâ€™s enjoy the gameâ€¦ https://t.co/X1xeG73RHi",1213759349979373568,,[],,,,,,2020-01-05 09:49:14,"Guwahati, India",2949,673,en,gpsinghassam,144,43,1
2278909928,MP Miteshbhai Patel (Bakabhai),2014-01-06 10:44:42,,57,False,0,RT @jitu_vaghani: àª°àª¾àª·à«àªŸà«àª°àª§àª°à«àª® àª…àª¨à«‡ àª®àª¾àª¨àªµàª§àª°à«àª®àª¨à«‡ àª§à«àª¯àª¾àª¨àª®àª¾àª‚ àª°àª¾àª–à«€àª¨à«‡ àª¬àª¨àª¾àªµà«‡àª² CAA àª•àª¾àª¯àª¦àª¾àª¨àª¾ àª¸àª®àª°à«àª¥àª¨àª®àª¾àª‚ àª­àª¾àªœàªªàª¾àª¨àª¾ àª°àª¾àª·à«àªŸà«àª°àªµà«àª¯àª¾àªªà«€ àªœàª¨àª¸àª‚àªªàª°à«àª• àª…àª­àª¿àª¯àª¾àª¨ àª…àª‚àª¤àª°à«àª—àª¤ àª†àªàª¾â€¦,1213799556049068033,,[],,,['jitu_vaghani'],,,2020-01-05 12:29:00,"Vasad, Gujarat",935,1360,gu,Miteshbhaibjp,1641,183,6
1049173558562148352,Thakor Jugal Lokhandwala MP,2018-10-08 05:44:03,,2,False,0,"RT @DDNewsGujarati: àªªàª¾àªŸàª£àª®àª¾àª‚ àª¸àª®à«€ àª¤àª¾àª²à«àª•àª¾àª®àª¾àª‚ CAA àª¸àª®àª°à«àª¥àª¨ àª•àª¾àª°à«àª¯àª•à«àª°àª® àª¯à«‹àªœàª¾àª¯à«‹
àª¸àª®à«€-àª¹àª¾àª°à«€àªœ àª¤àª¾àª²à«àª•àª¾àª®àª¾àª‚ àª°àª¹à«‡àª¤àª¾ 800 àª¶àª°àª£àª¾àª°à«àª¥à«€àª“ àª‰àªªàª¸à«àª¥àª¿àª¤ àª°àª¹à«àª¯àª¾ àª¹àª¤àª¾   
àª°àª¾àª§àª¨àªªà«àª°â€¦",1213395590588989440,,[],,,['DDNewsGujarati'],,,2020-01-04 09:43:47,"Mahesana,gujarat",1800,1506,gu,JugalThakorMP,3793,609,1
1024696344697430016,Sangeeta Kumari Singh Deo,2018-08-01 16:40:21,,1,False,14,"Addressing a Press Meet in Balangir on 03.02.2020 regarding the Citizenship  Amendment Act, 2020 #CAAâ€¦ https://t.co/yhalH92ejp",1213376990620729347,,['CAA'],,,,,,2020-01-04 08:29:52,"Balangir, India",1185,131,en,sksingh_deo,92,98,10
922796488077406209,Pradipta Kumar Naik,2017-10-24 12:06:42,,139,False,0,RT @dpradhanbjp: à¬°à¬¾à¬œà­à­Ÿ à¬¬à¬¿à¬œà­‡à¬ªà¬¿ à¬•à¬¾à¬°à­à¬¯à­à­Ÿà¬¾à¬³à­Ÿà¬°à­‡ à¬¸à¬¾à¬®à­à¬¬à¬¾à¬¦à¬¿à¬• à¬¸à¬®à­à¬®à¬¿à¬³à¬¨à­€ à¬œà¬°à¬¿à¬†à¬°à­‡ à¬—à¬£à¬®à¬¾à¬§à­à­Ÿà¬® à¬¬à¬¨à­à¬§à­à¬®à¬¾à¬¨à¬™à­à¬•à­ à¬¨à¬¾à¬—à¬°à¬¿à¬•à¬¤à¬¾ à¬¸à¬‚à¬¶à­‹à¬§à¬¨ à¬†à¬‡à¬¨(à¬¸à¬¿à¬à¬) à¬‰à¬ªà¬°à­‡ à¬¸à¬®à­à¬¬à¬¨à­à¬§à¬¿à¬¤ à¬•à¬²à¬¿ à¥¤â€¦,1210104637937737729,,[],,,['dpradhanbjp'],,,2019-12-26 07:46:42,"Bhawanipatna, India",717,381,or,pradiptanaikbjp,274,88,1
1157277186988171264,Teddy Daniels for Congress,2019-08-02 13:09:17,,1920,False,0,"RT @MissILmom: This man was a True Disgrace! A Die Hard RINO. Yet, he Orchestrated his Funeral as if he was a King. SMH! 
Disgraceful! IG Râ€¦",1210592103643975680,,[],,,['MissILmom'],,,2019-12-27 16:03:43,United States,870,132,en,DanielsCongress,223,748,10
1181643457011617792,Lisa Scheller for Congress,2019-10-08 18:52:33,,0,False,0,"With this vote, @wildforcongress has shown that partisan politics matters more to her than #PA07. We need a leaderâ€¦ https://t.co/hgk6JShoJg",1213822475060031488,,['PA07'],,,['wildforcongress'],,,2020-01-05 14:00:04,,161,92,en,SchellerforPA,6,7,7
786487504312541184,Bishnu Sethi,2016-10-13 08:43:28,,3,False,33,"à¬†à¬œà¬¿ à¬­à¬¾à¬°à¬¤à­€à­Ÿ à¬œà¬¨à¬¤à¬¾ à¬ªà¬¾à¬°à­à¬Ÿà¬¿ à¬­à¬¦à­à¬°à¬• à¬œà¬¿à¬²à­à¬²à¬¾ à¬ªà¬•à­à¬·à¬°à­ à¬­à¬¾à¬—à¬¬à¬¤ à¬•à¬²à­à­Ÿà¬¾à¬£ à¬®à¬£à­à¬¡à¬ª à¬ à¬¾à¬°à­‡ ""à¬¨à¬¾à¬—à¬°à¬¿à¬•à¬¤à¬¾ à¬¸à¬‚à¬¶à­‹à¬§à¬¨ à¬…à¬§à¬¿à¬¨à¬¿à­Ÿà¬®"" à¬œà¬¿à¬²à­à¬²à¬¾à¬¸à­à¬¤à¬°à­€à­Ÿ à¬•à¬°à­à¬®à¬¶à¬¾à¬³à¬¾â€¦ https://t.co/OGjITUNDSS",1213740650518048768,,[],,,,,,2020-01-05 08:34:55,"Bhadrak, India",2432,1193,or,bsethibjp,1835,102,3
4381665136,Dean Browning,2015-12-05 09:32:11,,0,False,2,"Thought for today from F.M. Alexander on the importance of habits: 

â€œPeople do not decide their futures, they deciâ€¦ https://t.co/MWJMjz9ZcH",1213077221067366400,,[],,,,,,2020-01-03 12:38:42,"Pennsylvania, USA",449,225,en,DeanBrowningPA,77,690,10
1107561738445176833,Dr. Sarojini Agarwal MLC,2019-03-18 08:37:50,,28,False,82,"à¤¨à¤¾à¤—à¤°à¤¿à¤•à¤¤à¤¾ à¤¸à¤‚à¤¶à¥‹à¤§à¤¨ à¤…à¤§à¤¿à¤¨à¤¿à¤¯à¤® 2019 à¤•à¥‹ à¤…à¤ªà¤¨à¤¾ à¤¸à¤®à¤°à¥à¤¥à¤¨ à¤¦à¥‡à¤¨à¥‡ à¤•à¥‡ à¤²à¤¿à¤ à¤‡à¤¸ à¤¨à¤‚à¤¬à¤° à¤ªà¤° missed call à¤•à¤°à¥‡à¤‚ -88662 -88662 
#indiasupportscaa https://t.co/ClZyHVHRFu",1213689188677115904,,['indiasupportscaa'],,,,,,2020-01-05 05:10:26,Meerut,9171,1697,hi,BjpSarojini,2797,1054,11
1167505378222981128,John Emmons for Congress,2019-08-30 18:33:18,,4,False,4,"John Emmons doesn't just talk about health care reform, he's actually implemented it in the private sector, savingâ€¦ https://t.co/gNyYKejNND",1213107485659279371,,[],,,,,,2020-01-03 14:38:57,,65,102,en,Emmons4Congress,11,5,1
170341758,David Scott,2010-07-24 15:32:34,,0,False,0,"Have you visited our new website yet? Find out what Congressman Scott stands for, how he's helped the people of Geoâ€¦ https://t.co/TFrX6QL4XH",1212750480952172544,,[],,,,,,2020-01-02 15:00:21,Georgia's 13th District,1344,464,en,Electdavidscott,292,1103,39
39555191,Michael Owens for CongressğŸ”¥,2009-05-12 18:01:14,,81,False,0,RT @BrandNew535: The assassination of #GeneralSoleimani is an unambiguous act of war. Sign our petition and demand Congress act immediatelyâ€¦,1213637797585838081,,['GeneralSoleimani'],,,['BrandNew535'],,,2020-01-05 01:46:13,"Georgia, USA",2905,3529,en,OwensForGA13,1143,3150,51
804698553578913792,Joseph Billie,2016-12-02 14:47:40,,1,False,3,@Wyn1745 @Jamierodr14 â€œWe should name missiles that reflect our attitude liked pissed. That would sound great on thâ€¦ https://t.co/S3pDHOMTzq,1213832502219026432,,[],,,['Wyn1745'],,,2020-01-05 14:39:55,"Aston, PA USA",16976,9548,en,billie4congress,69275,17621,47
1120725302366408704,BillSchaferforCongress (Iowa District 03),2019-04-23 16:25:08,,2,False,7,â€œWe the Peopleâ€ should make it clear that elected representatives who demonize our President while defending a terrâ€¦ https://t.co/AMLi7Fv0vq,1213838587504009216,,[],,,,,,2020-01-05 15:04:05,"PO Box 681, Indianola IA 50125",5873,539,en,BillSchaferIowa,214,5921,18
45982458,Bobby Schilling,2009-06-09 23:53:25,,1,False,8,"I met with a great group of folks in Knoxville, IA. last night. Marion County is a â€œwell oiled machine.â€ #IA02â€¦ https://t.co/b7QtQDQ9E7",1213106679988064259,,['IA02'],,,,,,2020-01-03 14:35:45,The great state of Iowa ,964,432,en,BobbySchilling,241,769,30
1200665885482127360,ğŸŒ¹ Salem Snow For Congress,2019-11-30 06:40:39,,61,False,0,"RT @the_vello: I know where I come from.

I am son of the working class. Thatâ€™s where I come from, that is who I am.

I apologize to nobodyâ€¦",1213735445428948993,,[],,,['the_vello'],,,2020-01-05 08:14:14,"Philadelphia, PA",2344,1653,en,Salem4Congress,3379,4983,21
18131106,Dr. Miller-Meeks,2008-12-15 05:05:14,,0,False,0,Our Catholic grade school in OTTUMWA is named after her. https://t.co/GJGDig4nhk,1213717267172790272,,[],,,,,,2020-01-05 07:02:00,"Ottumwa, Iowa",2260,9881,en,millermeeks,431,2098,108
2559322231,Rita Hart,2014-06-10 15:58:27,,7,False,10,"Friends, we're just $3,386.64 away from our goal and we have a little over 24 hours to get there. Can you pitch inâ€¦ https://t.co/TCcHswdbhW",1211700891981496323,,[],,,,,,2019-12-30 17:29:39,,2560,2116,en,RitaHartIA,3250,1679,58
18189966,Ashley Hinson,2008-12-17 14:42:17,,0,False,38,This boy is 7! New Year's Day is a special one in this house as we celebrate Jax! He's clearly shy and has self conâ€¦ https://t.co/Pkf0Woy27E,1212534566319251456,,[],,,,,,2020-01-02 00:42:23,"Cedar Rapids, IA",5873,3862,en,hinsonashley,394,2007,158
1170148940613861376,Hansen for Congress (IA-01),2019-09-07 01:37:28,,36,False,45,"Thanks to all you awesome ""deplorables"" out there ğŸ‘ and one great campaign manager ğŸ‘, in 3 MONTHS our campaign hasâ€¦ https://t.co/R1Gf5H2cIS",1213713863637495810,,[],,,,,,2020-01-05 06:48:29,"Decorah, IA",5933,1054,en,Hansen4Congress,2638,6474,10
1189988445290192897,Asher Nuckolls for Congress ğŸŒ¹ğŸ´ (GA-11),2019-10-31 19:32:38,,0,False,2,"@OurRevolution @beavis19755 We need to make the presidency accountable to Congress. No more unilateral actions, #NoWarWithIran!",1213230905101365255,,['NoWarWithIran'],,,['OurRevolution'],,,2020-01-03 22:49:23,"Marietta, Georgia",1257,1142,en,VoteNuckolls,1953,1745,17
25292688,Dana Barrett,2009-03-19 13:32:25,,0,False,2,"@IndivisibleGA11 @RepLoudermilk @VoteNuckolls @rodforcongress First @rodforcongress, thank you for you service. I aâ€¦ https://t.co/zmOFphozVb",1213198240381845504,,[],,,['IndivisibleGA11'],,,2020-01-03 20:39:35,"Atlanta, GA",6724,16462,en,TheDanaBarrett,2621,4962,349
1144623337118851072,Clyde Elrod For Congress,2019-06-28 15:07:24,,0,False,0,It was a pleasure cooking Turkey for the family. I hope everyone had a wonderful and safe Thanksgiving!!!! https://t.co/OCu2TxntiY,1200466389796044801,,[],,,,,,2019-11-29 17:27:45,"Braselton, GA",58,28,en,ElrodFor,0,70,4
1148283176864899072,Debbie Wachspress,2019-07-08 17:30:18,,13,False,35,"(2/2) Iâ€™m surprised that a former law enforcement official like Representative Fitzpatrick, who understands that noâ€¦ https://t.co/NFPxjEZX86",1207479184995606528,,[],,,,,,2019-12-19 01:54:06,"Bucks County, USA",567,262,en,votewachspress,23,397,12
1153079388814139392,Judi Reiss,2019-07-21 23:08:44,,5,False,0,RT @NHFreePress: Congressman Brian Fitzpatrick (PA-01) on Friday issued a statement in support of the targeting on Friday of Qassem Soleimaâ€¦,1213231480924753923,,[],,,['NHFreePress'],,,2020-01-03 22:51:40,PA 1st Congressional District,2037,419,en,JudiforCongress,348,550,19
1202258624233512960,Antwon Stephens,2019-12-04 16:09:39,,19,False,48,It is time to bring our troops and tax payer dollars home to be truly America first as this POTUS and Doug Collinsâ€¦ https://t.co/zH5vsZMZ30,1213661550302642176,,[],,,,,,2020-01-05 03:20:36,"Elberton, Georgia",17704,166,en,AntwonS2020,325,221,32
904103803,Renee Unterman,2012-10-25 15:18:33,,9,False,14,The president has every right to act against a serious threat to our national security. This self-proclaimed â€˜AOC oâ€¦ https://t.co/DkWmmEn0mt,1213114042178527239,,[],,,,,,2020-01-03 15:05:00,,4201,7645,en,Renee_Unterman,7879,1042,106
1111051227524034560,Sam Peters,2019-03-27 23:43:49,,2,False,0,"RT @SolidRedPeon: @SamPetersNevada Hey Sam, I canâ€™t give $$$ but we do give our time. I sent you a DM about the great work my volunteers doâ€¦",1213747207943245830,,[],,,['SolidRedPeon'],,,2020-01-05 09:00:59,"Las Vegas, NV",2002,602,en,SamPetersNevada,531,4241,6
1179018323935334400,Dale Crafts,2019-10-01 13:00:59,,1,False,1,In most military operations there is always calculated risk in deciding whether or not to eliminate a threat. I supâ€¦ https://t.co/3V8EDsSjUz,1213235165755039745,,[],,,,,,2020-01-03 23:06:18,,94,45,en,DaleCraftsME,2,28,4
1178791942135701504,Adrienne Bennett,2019-09-30 22:03:20,,3,False,9,Maine has a talented team working to re-elect President Trump. Thank you @CodyPorterME @Provencher4presâ€¦ https://t.co/5FOhKMVk6v,1213518114006208512,,[],,,['CodyPorterME'],,,2020-01-04 17:50:39,"Maine, USA",306,257,en,AdrienneMaine,196,205,12
1136709465082945538,Dr.Rich McCormick for Congress,2019-06-06 19:00:30,,12,False,16,Georgia is a battleground state! https://t.co/LEr1PeKxLu,1213467521875140608,,[],,,,,,2020-01-04 14:29:37,"Suwanee, GA",2015,190,en,RichforGA,265,1870,4
992206238921494528,Whitney Raver,2018-05-04 00:56:16,,0,False,3,"@realDonaldTrump So we're all going to forget his unilateral decision to abandon our allies the Kurds, turn our basâ€¦ https://t.co/x7cVZ3I1DB",1213698561566789632,,[],,,['realDonaldTrump'],,,2020-01-05 05:47:41,"South Dakota, USA",527,351,en,Raver4Congress,516,613,10
1112788892783013888,Joseph Sanchez for Congress,2019-04-01 18:48:41,,2,False,12,They said we couldn't raise the money. They said we couldn't compete. But the grassroots support is stronger than eâ€¦ https://t.co/a5ZcQaoOuR,1171592115006124032,,[],,,,,,2019-09-11 01:11:42,"Alcalde, NM",158,21,en,JosephSanchezNM,97,116,7
1128147829606600706,Teresa Leger Fernandez,2019-05-14 03:59:37,,2,False,5,"Always great catching up with Richard Eeds. Talking holiday traditions, our district-wide need for infrastructure aâ€¦ https://t.co/dwNskE0iln",1210298446231560193,,[],,,,,,2019-12-26 20:36:50,"Santa Fe, NM",306,208,en,TeresaForNM,96,218,13
1163964650355953665,Alexis Johnson,2019-08-21 00:03:09,,2,False,3,Today's events demonstrate the importance of American energy independence. We stand with President Donald Trump.,1213282913934028801,,[],,,,,,2020-01-04 02:16:03,"Santa Fe, NM",115,77,en,alexisjohnsonnm,17,28,2
3397154973,Brenda for Congress,2015-07-31 14:39:42,,1,False,1,"Today, January 4th marks Brendaâ€™s Birthday! ğŸ‰

You can celebrate Brendaâ€™s birthday by contributing to our people-poâ€¦ https://t.co/XYti9LoOxi",1213515641426186243,,[],,,,,,2020-01-04 17:40:49,"30093, 30047, 30084",1864,2968,en,VoteBrendaLopez,689,584,57
1137946655058096128,Amy Ryan Courser,2019-06-10 04:56:39,,0,False,0,Happy New Year! Excited for a successful and prosperous new year for all. #amyfororegon,1212462002611732480,,['amyfororegon'],,,,,,2020-01-01 19:54:02,"Keizer, Oregon, Marion Co. CD5",144,73,en,AmyforOregon,21,78,3
1143354240397537281,JohnBlairforNM,2019-06-25 03:04:28,,3,False,8,"30 years ago, environmental agencies found that a groundwater plume in Espanola was contaminated &amp; still to this daâ€¦ https://t.co/OpfMY2tfa3",1213241454870450176,,[],,,,,,2020-01-03 23:31:18,"Santa Fe, NM",202,133,en,JohnBlairforNM,6,267,3
1109876924879261696,Angela Roman For Congress,2019-03-24 17:57:34,,1,False,1,@realJediMan1 @DanWantsFreedom @GeorgePapa19 @JohnJamesMI @LacyJohnsonMN @kimKBaltimore @RealErinCruzâ€¦ https://t.co/ghNcA7c2H0,1213755235685945344,,[],,,['realJediMan1'],,,2020-01-05 09:32:53,"Keizer, OR",9968,2116,en,RomanForOregon,5400,9019,11
1165040010401374209,Claire Chase for Congress,2019-08-23 23:16:09,,2,False,14,"As one of the worldâ€™s most dangerous terrorist leaders, he reigned evil in the Middle East &amp; threatened innocent peâ€¦ https://t.co/TegEBBV0I2",1212952943533707264,,[],,,,,,2020-01-03 04:24:51,"Roswell, NM",489,100,en,ClaireChaseNM,0,9,7
1084864280468639744,Zina Spezakis for Congress NJ09 âœŠğŸ¼ğŸ‡ºğŸ‡¸ğŸŒˆ,2019-01-14 17:26:15,,2,False,0,"RT @elz4progress: Hey #NJ08. We're asking you a quick question. If the Democratic Primaries were to take place today, who would you vote foâ€¦",1213806983712792577,,['NJ08'],,,['elz4progress'],,,2020-01-05 12:58:31,Bergen+Passaic+Hudson Counties,2717,2595,en,ZSpezakis,5260,683,37
913429387940216833,Joey Nations for Congress,2017-09-28 15:45:11,,0,False,4,I appreciate this about @Cernovich him and @JackPosobiec are two of the most honest fast news/reporters out thereâ€¦ https://t.co/xyN2dMsU7r,1213708695286140928,,[],,,['Cernovich'],,,2020-01-05 06:27:57,"Salem, OR",1118,4241,en,joey_nations,4215,668,9
1133909850071715842,Alp Basaran For Congress ğŸŒ¹,2019-05-30 01:35:50,,1,False,1,"Dubya reborn.

#TrumpWar #Dejavu https://t.co/CkQIKpdPRE",1213660673668001792,,"['TrumpWar', 'Dejavu']",,,,,,2020-01-05 03:17:07,"Bergen + Passaic + Hudson, NJ",123,230,ca,AlpBasaranNJ,165,288,1
1169084441903468545,LerahLeeforCongress,2019-09-04 03:07:19,,17,False,16,"â€œFamilies and Churches know best how to build strong communities.  In America we donâ€™t worship Government, we worshâ€¦ https://t.co/GO7yzCBfAh",1213689201151086592,,[],,,,,,2020-01-05 05:10:29,"Duluth, GA",847,138,en,LerahLeeforGA7,0,879,6
1179217614545080323,Hector for Congress NJ08,2019-10-02 02:13:06,,2,False,0,"RT @elz4progress: Hey #NJ08. We're asking you a quick question. If the Democratic Primaries were to take place today, who would you vote foâ€¦",1213786163103830016,,['NJ08'],,,['elz4progress'],,,2020-01-05 11:35:46,"Union City, NJ",1646,306,en,Oseguera2020,1408,1774,20
60739515,Mark Gamba for Congress,2009-07-27 23:09:06,,60169,False,0,"RT @AOC: This is a war crime.

Threatening to target and kill innocent families, women and children - which is what youâ€™re doing by targetiâ€¦",1213717047865040897,,[],,,['AOC'],,,2020-01-05 07:01:08,"Milwaukie, OR",2046,940,en,mark_gamba,3106,881,44
1085607801278349312,Tom Phillips,2019-01-16 18:40:44,,0,False,1,Is Josh Allen trying to lose this game?  What a terrible 3 minutes.,1213619050259124224,,[],,,,,,2020-01-05 00:31:44,"Scotch Plains, NJ",967,198,en,TomPhillipsNJ7,60,4884,2
1093918214181060609,Tom Kean,2019-02-08 17:03:21,,6,False,12,2019 was a huge year for our campaign. Please take a moment to watch this highlight video we put together:  https://t.co/pfVQkLJ5uJ,1212087279088480261,,[],,,,,,2019-12-31 19:05:01,"Westfield, NJ",193,13,en,KeanForCongress,0,121,1
2981864987,Zac Roeill for Congress NJ 6 ğŸŒ¹ğŸ³ï¸â€ğŸŒˆ,2015-01-16 23:03:46,,34,False,0,RT @FWWNewJersey: BREAKING: Piscataway just passed the 1st Jersey 100% renewable energy law by public referendum. Piscataway voters want toâ€¦,1192468035497541633,,[],,,['FWWNewJersey'],,,2019-11-07 15:45:09,"New Jersey, USA",949,160,en,ZacRoeill,1671,1240,7
90346270,Jo Rae Perkins,2009-11-16 07:25:11,,0,False,2,@ValisWatson @NorbertColon6 @heckyessica @rosemcgowan incorrect. the blue check means that Twitter has verified peoâ€¦ https://t.co/7ZMpT4qe2L,1213774027635822594,,[],,,['ValisWatson'],,,2020-01-05 10:47:33,"Albany, Oregon",4591,13670,en,PerkinsForUSRep,2530,1693,55
1110565609505505281,Russ for Congress NJ-6ğŸŒ¹,2019-03-26 15:34:09,,2,False,20,"Murphy didnt have to tell us but it's nice to know he thinks about us ...

Central Jersey is the best part of New Jâ€¦ https://t.co/tu94iJyTYa",1213718913743249408,,[],,,,,,2020-01-05 07:08:33,"Old Bridge, NJ",8298,2635,en,RussForUs2020,5628,4629,59
1111986921033605120,Frank Pallotta,2019-03-30 13:41:56,,9,False,18,Congratulations to Deputy Mayor Gail Artola who begins her 1st term on the Rochelle Park Township Committee today &amp;â€¦ https://t.co/Y28uSEZprr,1213629468805341185,,[],,,,,,2020-01-05 01:13:08,New Jersey,755,254,en,FrankPallottaNJ,321,1181,5
1147223967020642304,Doyle Canning for Congress OR-04,2019-07-05 19:21:22,,17,False,0,RT @MsgToObserver: Spoke at an anti-war rally this afternoon. 13 years after getting my legs blown off &amp; not only do I still have to speakâ€¦,1213692698139381760,,[],,,['MsgToObserver'],,,2020-01-05 05:24:23,"Oregon, USA",795,236,en,Canning4Oregon,598,715,20
821446640343117828,Arati Kreibich,2017-01-17 19:58:35,,7,False,32,"Because we all need some good news: on Wednesday, the minimum wage in NJ increased to $11/hr!

Another step forwardâ€¦ https://t.co/Kx7bS0Bm1N",1213184728024723456,,[],,,,,,2020-01-03 19:45:53,"Glen Rock, NJ",2879,1076,en,Arati4Congress,2007,2551,37
1117648282904174592,Albert Lee For Congress ğŸŒ¹,2019-04-15 04:38:10,,4,False,33,Truth https://t.co/OYQjnjoFlh,1213822657616986113,,[],,,,,,2020-01-05 14:00:47,"Portland, Oregon",13609,2379,en,AlbertLee2020,1440,6322,73
362232060,Raz Mason,2011-08-26 02:02:55,,1,False,1,An Incredibly Clever Hack for People Who Want to Read More Books - Inc. - Pocket https://t.co/T1JdSpOXXz,1210956138654531584,,[],,,,,,2019-12-28 16:10:16,"Mid-Columbia, OR",559,2786,en,RazMason,742,761,24
1127949384828817408,Stephanie for New Jersey,2019-05-13 14:51:04,,2,False,7,General Qassem Soleimani was the architect of many acts of violence against America and our allies but todayâ€™s striâ€¦ https://t.co/Ph52GV7GeI,1213234933952589824,,[],,,,,,2020-01-03 23:05:23,"Little Silver, NJ",274,261,en,StephLSchmid,412,296,8
2854037512,Jim Keady,2014-10-31 23:54:13,,4742,False,0,"RT @SenSanders: Not on our watch. Abortion is a constitutional rightâ€”period. To the hypocritical Republicans who claim to love ""small goverâ€¦",1213733900863856640,,[],,,['SenSanders'],,,2020-01-05 08:08:06,"New Jersey, USA",7212,14588,en,JWKeady,15004,3713,107
1151410111962931201,David Applefield 4NJ4,2019-07-17 08:35:37,,1,False,0,RT @rashmeerl: Politicians around the world are getting on the #radicallove train @4NJ41 https://t.co/OMMtzOqwAb,1151933150588735494,,['radicallove'],,,['rashmeerl'],,,2019-07-18 19:13:59,"Red Bank, NJ",24,3,en,David4NJ4,2,13,1
1158480873878118403,David Richter,2019-08-05 20:52:18,,0,False,0,Fight of the Week: Richter V. Hurley - Who's Right on the Van Drew Question? #TeamRichter #NJ02 - https://t.co/bJjxMZSXci,1213309248542785538,,"['TeamRichter', 'NJ02']",,,,,,2020-01-04 04:00:41,"Avalon, NJ",128,117,en,DavidRichterNJ,4,0,6
1145133115649744897,Bob Patterson,2019-06-30 00:53:05,,1,False,3,"All the money in the world can't save @vandrewfornj
from his record of being pro-choice, pro-amnesty, pro-Cory Bookâ€¦ https://t.co/bwVcK1Kk0l",1207772888675373056,,[],,,['VanDrewForNJ'],,,2019-12-19 21:21:10,,52,23,en,BobPattersonSJ,6,35,0
955964072469594112,Brian T. Fitzherbert,2018-01-24 00:42:50,,0,False,1,#happynewyear2020 #HappyNewYear #Happy2020 #HappyNewDecade #HappyNewYearsEve #SouthJersey #NJ02 #NJ2 https://t.co/HopfCCtE01,1212229211357949952,,"['happynewyear2020', 'HappyNewYear', 'Happy2020', 'HappyNewDecade', 'HappyNewYearsEve', 'SouthJersey', 'NJ02', 'NJ2']",,,,,,2020-01-01 04:29:00,#SouthJersey,1611,823,und,FitzherbertNJ02,262,541,6
1134380401143754752,Andy Meehan For Congress 2020 PA01,2019-05-31 08:45:38,,0,False,0,"SAT, JAN 11, 2020 700PM FEASTERVILLE, PA: COUNTRY STAR TREY TAYLOR CONCERT FUNDRAISER!  

GENERAL ADMISSION TICKETSâ€¦ https://t.co/3Ur4E3bc35",1213781351104761856,,[],,,,,,2020-01-05 11:16:39,Pennsylvania District 1,329,265,en,MeehanCampaign,32,323,2
1184507455520366592,Skylar for Congress PA-01,2019-10-16 16:32:47,,3,False,4,Had a great time meeting with @SalisburyJustin - a #DisabilityRights organizer and activist new to Philly. I enjoyeâ€¦ https://t.co/cSGL9Etnhv,1213570540759404555,,['DisabilityRights'],,,['SalisburyJustin'],,,2020-01-04 21:18:58,PA-01 Bucks-Montgomery County,301,178,en,skylar4congress,965,1068,7
78396305,Nabilah Islam for Congress,2009-09-29 19:38:43,,8,False,47,ğŸ”¥ PREACH https://t.co/RiBI9B24pO,1213653457573466113,,[],,,,,,2020-01-05 02:48:27,"Lawrenceville, GA",15752,662,en,NabilahforGA07,1119,1739,90
1118586255703531520,Lynne Homrich for Congress,2019-04-17 18:45:20,,7942,False,0,RT @StateDept: Qassem Soleimani was responsible for killing at least 603 U.S. service members and maiming thousands more in Iraq. 17% of U.â€¦,1213586859466612736,,[],,,['StateDept'],,,2020-01-04 22:23:49,,396,492,en,lynnehomrich,0,90,12
1128753232048685066,Mark Gonsalves for Congress GA7,2019-05-15 20:05:16,,40,False,20,"A #GA7 MUST #READ: New article @GaForsyth depicting the race to represent Georgia's 7th district!

â€œMark comes acroâ€¦ https://t.co/UGXpGCfIKw",1213604731635085312,,"['GA7', 'READ']",,,['GaForsyth'],,,2020-01-04 23:34:50,"Georgia, USA",4393,402,en,MarkCongressGA7,22,5423,8
1151325340364627970,Christina Finello,2019-07-17 02:58:46,,1,False,2,@GlennBeasley19 @BucksCoKierstyn @votewachspress @skylar4congress @JudiforCongress @RepBrianFitz Thanks for the shout-out!,1213596697265344512,,[],,,['GlennBeasley19'],,,2020-01-04 23:02:54,"Bucks County, PA",749,160,en,FinelloForPA,88,68,14
1146069428158775296,Matt Rains for Congress,2019-07-02 14:53:39,,151,False,0,RT @sethmoulton: Qasem Soleimani has been an imminent threat to the US for decades. If there's something new or drastically different thatâ€¦,1213303337816211458,,[],,,['sethmoulton'],,,2020-01-04 03:37:12,"Montana, USA",287,69,en,RainsforMT,134,248,6
319413563,Lisa Noel Babbage,2011-06-18 02:32:41,,4191,False,0,RT @brithume: Notes Soleimani was in Iraq in defiance of UN-imposed travel ban. https://t.co/T9I8CJSoCF,1213346188919001088,,[],,,['brithume'],,,2020-01-04 06:27:28,Georgia 7th,448,1608,en,LisaNoelBabbage,1221,164,5
1154078122108694530,Michael Yadeta - Maryland Candidate District 8,2019-07-24 17:17:20,,0,False,0,"Congress has put a lot of new money out for treating opioid addiction, which is good but if they don't have resourcâ€¦ https://t.co/8TZrKqBBDx",1213204594047832069,,[],,,,,,2020-01-03 21:04:50,"Silver Spring, MD",136,70,en,MichaelYadeta,14,583,0
522011522,Debra Lamm,2012-03-12 06:27:14,,0,False,1,@replouiegohmert speaking Truth! https://t.co/Y8E5R1LK96,1207692404733530112,,[],,,['replouiegohmert'],,,2019-12-19 16:01:21,Montana,515,1112,en,DebraLamm,82,382,21
1128769945742061569,Antonio Cortez Hicks for Congress,2019-05-15 21:11:41,,1,False,1,@EclecticRadical @donnaimamTX @VoteNuckolls @meredith_2020 @sakinahlehtola @Bakari_Sellers I know and appreciate alâ€¦ https://t.co/pVMx0Uvaxx,1213615014659207168,,[],,,['EclecticRadical'],,,2020-01-05 00:15:42,"Loganville, GA",380,365,en,ACHforCongress,606,460,9
1150590879788404736,William Haston for Congress,2019-07-15 02:20:17,,1,False,3,I just watched The Lorax with my daughter. A movie for kids that explains the effect unregulated business has on thâ€¦ https://t.co/TGrpNMTpgz,1213505762514866176,,[],,,,,,2020-01-04 17:01:34,GA-4,257,133,en,WilliamForGA4,81,123,3
1151899368884035584,Joe Dooling for Congress,2019-07-18 16:59:45,,0,False,1,What if there had been one more republican in the House to vote no?,1208185148379762688,,[],,,,,,2019-12-21 00:39:21,"Helena, MT",29,8,en,DoolingCongress,0,7,1
1094246649222873089,Jeremy Taylor,2019-02-09 14:48:26,,0,False,0,"2/2 I support the Presidentâ€™s commitment to not get involved in nation building, but when actionable intelligence sâ€¦ https://t.co/SuTLnQ8Jaj",1213289490908889089,,[],,,,,,2020-01-04 02:42:11,"Sioux City, IA",231,370,en,jtaylorcongress,90,646,7
1166373082208112640,Kunkel for Congress,2019-08-27 15:33:19,,1,False,3,"We need an economy here in West Virginia that works for all of us, not just a wealthy few. #Kunkel4Congress https://t.co/JWm5HdlDGJ",1213824673164734464,,['Kunkel4Congress'],,,,,,2020-01-05 14:08:48,West Virginia,822,219,en,Kunkel4Congress,173,438,16
1150856136175865857,Gladys Harrison,2019-07-15 19:54:19,,42802,False,0,"RT @rcallimachi: 1. Iâ€™ve had a chance to check in with sources, including two US officials who had intelligence briefings after the strikeâ€¦",1213562073084497922,,[],,,['rcallimachi'],,,2020-01-04 20:45:19,"Omaha, NE",2652,331,en,Gladys4Congress,419,1207,9
1110307318204387328,Morgann Freeman,2019-03-25 22:27:47,,0,False,1,@auntyrick Oof,1213250398666006531,,[],,,['auntyrick'],,,2020-01-04 00:06:50,"Nebraska, USA",563,390,und,morgann_freeman,1237,774,7
1084182368800387072,Bret Richards for Congress,2019-01-12 20:16:34,,2,False,4,Statement on President Trump's military action to take out #QassemSuleimani: https://t.co/E5K3blHwRI,1213175207319527428,,['QassemSuleimani'],,,,,,2020-01-03 19:08:03,"Irwin, IA",1587,330,en,Richards4Iowa,164,1420,5
1143699000064794624,Steve Reeder,2019-06-26 01:54:25,,0,False,1,"""We all bleed the same red blood of Patriots. We all salute the same great American flag. Our best days are yet toâ€¦ https://t.co/ApBsUxlFD7",1212628515746504704,,[],,,,,,2020-01-02 06:55:42,"Arnolds Park, IA",64,152,en,stevereederiowa,211,129,2
534533727,Ann Ashford for Congress,2012-03-23 16:04:52,,11,False,0,RT @damnitdisney: We also need to start advocating and giving more light on abusive relationships where men are on the receiving end of abuâ€¦,1213696949045649409,,[],,,['damnitdisney'],,,2020-01-05 05:41:16,"Omaha, NE",2008,9293,en,Ann_Ashford,9611,3289,19
1139700231073947648,Babs Ramsey For CongressğŸŒ¹,2019-06-15 01:04:44,,0,False,5,Throwback to the time I held a town hall in front of his office. https://t.co/j1qUjLQjoJ https://t.co/zYgmRl1Weo,1213833063760908289,,[],,,,,,2020-01-05 14:42:08,"Bellevue, NE",731,803,en,babsramsey,1315,420,12
317560731,Senator Kate Bolz,2011-06-15 03:30:54,,4,False,39,The social media pages of political candidates often attract contentious debate.  I hope to do that now but ask allâ€¦ https://t.co/61TlyhKA3S,1213555198083207168,,[],,,,,,2020-01-04 20:18:00,"Lincoln, NE",3625,641,en,katejbolz,417,752,106
1167500779667841025,Kelly Mitchell,2019-08-30 18:14:28,,2,False,4,"""The first priority of the federal government is to keep Americans safe at home and abroad. General Soleimani, theâ€¦ https://t.co/x87JeqWOm0",1213126498036699136,,[],,,,,,2020-01-03 15:54:30,,137,78,en,Hoosiers4Kelly,7,95,4
1179889794886885378,Beth Henderson,2019-10-03 22:44:00,,0,False,1,Honored to be endorsed by Rep. Tony Cook: â€œBeth Henderson is the ideal partner and voice for our Fifth Congressionaâ€¦ https://t.co/TljfjEfyQD,1199034796699213824,,[],,,,,,2019-11-25 18:39:07,,63,9,en,BethForIndiana,1,81,1
483034344,Christina Hale,2012-02-04 15:34:03,,1,False,21,Thank you to everyone who contributed to our campaign in 2019. I truly appreciate it! We have a chance to elect newâ€¦ https://t.co/KaWxkxGDlb,1213480453853917184,,[],,,,,,2020-01-04 15:21:00,"Indianapolis, IN, USA",5296,6614,en,HaleIndy,6450,3055,111
4878493137,Dr. Chuck Dietzen,2016-02-05 19:25:01,,0,False,3,"As 2019 comes to a close, I would like to thank everyone for all of the support you gave me and my team these pastâ€¦ https://t.co/g7TqPjIUDH",1212179958421954560,,[],,,,,,2020-01-01 01:13:17,"Indiana, USA",348,140,en,drchuckdietzen,39,444,3
1176203779814780928,John Holm for Congress,2019-09-23 18:37:21,,0,False,0,We need to help our small businesses provide fair wages for workers. Learn more at https://t.co/Ji6Nl0ccuM. https://t.co/ukBVX45imx,1207018912912510978,,[],,,,,,2019-12-17 19:25:08,"Medford, Oregon",31,20,en,JohnHolm4ORD2,4,6,2
2533193567,#Siebe2020 for US House,2014-05-06 16:37:56,,141619,False,0,RT @EllyMayBell: Stop taking private jets everywhereğŸ’”ğŸŒ https://t.co/pLHXvsaYFT,1213708936899002370,,[],,,['EllyMayBell'],,,2020-01-05 06:28:54,"Beaverton, Oregon",3130,15399,en,SiebeforORD1,10916,1222,51
17092397,Micah Beckwith for Congress,2008-10-31 20:46:34,,0,False,0,@everettkalman @realDonaldTrump Wrong. The president absolutely had the authority to issue the strike against Soleiâ€¦ https://t.co/sATcnZoB6U,1213611422078439425,,[],,,['everettkalman'],,,2020-01-05 00:01:25,United States of America,891,3096,en,MicahBeckwith,1290,477,16
1181266228981256193,Kent Abernathy,2019-10-07 17:53:18,,0,False,0,(2/2) ..but throughout the world. The blood of hundreds of Americans and thousands of others worldwide is on his haâ€¦ https://t.co/jICcbPPrjp,1213195816254496768,,[],,,,,,2020-01-03 20:29:57,Zionsville,65,19,en,KentAbernathyIN,0,68,1
1190648741889486848,Coldiron 4 Congress,2019-11-02 15:16:46,,0,False,2,Jan 1st and itâ€™s time to talk to the people of the IN 3rd district about issues that they want to talk about. https://t.co/G1ahS0WA5v,1212528450914996224,,[],,,,,,2020-01-02 00:18:05,3rd District Indiana,49,51,en,Chip4Congress,0,1,1
1190648741889486848,Coldiron 4 Congress,2019-11-02 15:16:46,,0,False,2,Jan 1st and itâ€™s time to talk to the people of the IN 3rd district about issues that they want to talk about. https://t.co/G1ahS0WA5v,1212528450914996224,,[],,,,,,2020-01-02 00:18:05,3rd District Indiana,49,51,en,Chip4Congress,0,1,1
1157062102948950017,Ellen Marks for Congress,2019-08-01 22:54:37,,1,False,0,This is how the pharmaceutical industry has chosen to ring in the New Year - by pushing up already high prices forâ€¦ https://t.co/a2c5olza7d,1213560750058483712,,[],,,,,,2020-01-04 20:40:04,"South Bend, IN",245,141,en,EllenForIN2,108,722,3
929506435070705664,Pat Hackett for Congress,2017-11-12 00:29:38,,1,False,2,"on-going racial inequities, and an on-going pervasive financial strain on our public schools. Municipal public servâ€¦ https://t.co/clgLHwAfCy",1212822581981720578,,[],,,,,,2020-01-02 19:46:51,"South Bend, IN",1688,419,en,HackettCongress,445,852,23
1025872324464205824,Mara Candelaria Reardon,2018-08-04 22:33:16,,20852,False,0,RT @AOC: Happy 1 year anniversary to dunking on haters and advocating for peaceâœŒğŸ½ https://t.co/2d5J9UaZL1,1213620512179535875,,[],,,['AOC'],,,2020-01-05 00:37:32,"Munster, IN",415,582,en,Maraforindiana,1431,274,16
907351231668080640,Josh Hicks,2017-09-11 21:12:46,,5,False,14,"This is a great example of what it means to have roots in a community â€“ no matter what you achieve, or what youâ€™reâ€¦ https://t.co/xs3qiClLyR",1213530455947063296,,[],,,,,,2020-01-04 18:39:41,"Lexington, KY",2070,234,en,joshhicksky,135,161,20
53442330,McDermott for Congress,2009-07-03 17:21:14,,5,False,8,"Join us this Monday, January 6th at 7pm at HQ for our first campaign meeting of the new year where weâ€™ll hear fromâ€¦ https://t.co/jIaMlQ5Q8i",1213538454509957126,,[],,,,,,2020-01-04 19:11:28,"Hammond, IN",499,1854,en,gomcdermott,855,98,7
975156938802688000,Jim Harper,2018-03-17 23:48:26,,0,False,1,The President grows more irrational by the day. His rhetoric pushes us closer to another costly war. This is dangerâ€¦ https://t.co/5nJhNIHL79,1213833288688779264,,[],,,,,,2020-01-05 14:43:02,"Valparaiso, IN",995,687,en,JimHarperIN,543,280,12
1085720434400784384,Alexandra Owensby,2019-01-17 02:08:18,,0,False,1,@RegularResister @LaurieFare1 https://t.co/bUhByy6nzk,1213109829696397313,,[],,,['RegularResister'],,,2020-01-03 14:48:16,"Fort Thomas, KY",2044,732,und,AMOwensby,2040,1305,11
773609982,Zachary Moses,2012-08-22 12:54:50,,2,False,0,"@SpencerJCox What happened to ""No one is going to be left out in the cold, no matter what?"" Where are all the beds? https://t.co/u4Q5QE4M9D",1213691177649623042,,[],,,['SpencerJCox'],,,2020-01-05 05:18:20,"Salt Lake City, UT",196,271,en,ZacharyMoses,56,393,6
1127783236648620032,Cox for Governor,2019-05-13 03:50:51,,0,False,1,"@hndoppelganger @BethHubler Holly, thank you for your support! ğŸ‘Š",1213660874625273861,,[],,,['hndoppelganger'],,,2020-01-05 03:17:55,"Fairview, UT",3079,376,en,coxforgovernor,886,670,6
3250005624,Whitney Williams,2015-06-19 20:33:16,,21,False,92,".@GregForMontana: every woman has the right to make her own healthcare decisions with her doctor, not the governmenâ€¦ https://t.co/QJpWByrIm8",1212941997041864705,,[],,,['GregForMontana'],,,2020-01-03 03:41:22,"Missoula, Montana",1067,594,en,WhitneyforMT,1407,501,20
1199271991951314946,Governor Tim Eyman For Washington State,2019-11-26 10:22:48,,2,False,5,"Mon, Dec 30, 11am - join me in Olympia where we're filing a new lawsuit to protect $30 tabs (2000 Lakeridge Dr SW,â€¦ https://t.co/9q5L0j0Bwj",1211678770949709826,,[],,,,,,2019-12-30 16:01:45,"Bellevue, Washington",62,55,en,GovernorTim,2,67,5
3167789983,Jim Justice,2015-04-22 17:48:41,,2,False,0,RT @BradMcElhinny: Some good #WVgov financial news https://t.co/tRVfWvBfKk,1212768587905163264,,['WVgov'],,,['BradMcElhinny'],,,2020-01-02 16:12:18,"West Virginia, USA",4124,144,en,JimJusticeWV,65,492,62
2295432017,Harry Spikes,2014-01-21 13:01:28,,0,False,5,https://t.co/qfl2aFiXqn,1213665293182083072,,[],,,,,,2020-01-05 03:35:29,Maryland's 7th Congressional ,263,345,und,HarryTSpikes,142,330,3
3875206998,Jim Marchant,2015-10-13 01:03:23,,6,False,4,"Here's to the good times of this year, and the great times of next year. Have a safe and happy New Year! #2020 https://t.co/hk7zGKNYFI",1212230230057861122,,[],,,,,,2020-01-01 04:33:03,"Las Vegas, NV",854,732,en,VoteJimMarchant,25,70,16
45865081,"Maya R. Cummings, Ph.D.",2009-06-09 15:45:33,,9,False,33,Spent the early afternoon at the Islamic Society of Baltimore and the Baltimore County Muslim Councilâ€™s 7th Congresâ€¦ https://t.co/zRUq5uytUF,1213603951976878080,,[],,,,,,2020-01-04 23:31:44,"Baltimore, MD",16543,15635,en,MayaRockeymoore,8725,1146,287
1191327658124165123,Mfume for Congress,2019-11-04 12:13:50,,0,False,2,"It was great seeing Steve, Mary Jo, Bill, and others last night at the Ellicott City and West Howard County Democraâ€¦ https://t.co/6Q9ngkbku5",1213105352176230400,,[],,,,,,2020-01-03 14:30:29,,191,66,en,Mfume4Congress,84,167,1
1259714432,Kimberly Klacik,2013-03-11 15:21:58,,0,False,0,@oneputt8881 @cwinn414 @realDonaldTrump Thx! Please send size and address to my inbox.,1213673419193159680,,[],,,['oneputt8881'],,,2020-01-05 04:07:46,Mary Land,109384,30331,en,kimKBaltimore,54722,2565,349
880453497921122305,Dr. Mark Gosnell,2017-06-29 15:50:46,,0,False,0,"If you can keep your wits about you while all others are losing theirs..Rudyard Kipling.
I make these decisions onâ€¦ https://t.co/Ft6D9cff9Y",1213802792311230469,,[],,,,,,2020-01-05 12:41:51,"Baltimore, MD",41,59,en,DrMGosnell,5,39,1
1063551500218056704,UBRELVYâ„¢ (ubrogepant),2018-11-16 21:56:52,,2,False,6,We are excited to announce that #UBRELVY has been approved by the FDA! #ComingSoon Follow us for the latest updatesâ€¦ https://t.co/P7Y88XqGHm,1209284495427481600,,"['UBRELVY', 'ComingSoon']",,,,,,2019-12-24 01:27:45,See full Patient Information:,31,1,en,ubrelvy,0,0,0
22481727,State Senator Jill P. Carter,2009-03-02 13:06:12,,1,False,3,@CollinJFoster @jake_burdett Thank you!,1213651452528353281,,[],,,['CollinJFoster'],,,2020-01-05 02:40:29,"Baltimore, MD",7712,12300,en,jillpcarter,9070,1655,173
1171255390111195136,Christopher Anderson,2019-09-10 02:54:19,,7342,False,0,RT @RussianNazi91: Soooooo....My older brother and his wife came over to watch the movie 13 hours and the bullshit they were told about whaâ€¦,1213676982921256960,,[],,,['RussianNazi91'],,,2020-01-05 04:21:56,"Maryland, USA",2792,1027,en,CAnderson2020,734,2317,3
1143272853997051906,Chris Cox,2019-06-24 21:41:04,,4,False,5,"Happy #VeteransDay, and a sincere THANK YOU to all those who have served our country. I am grateful today and everyâ€¦ https://t.co/ba6lK2o7hd",1193899899961708547,,['VeteransDay'],,,,,,2019-11-11 14:34:52,"Mt. Pleasant, SC",1232,36,en,ChrisCox2020,10,240,10
1112373158097637384,Adair Ford Boroughs,2019-03-31 15:16:42,,58,False,91,"We need a Representative who is working to solve real issues here at home, not doing partisan bidding on his constiâ€¦ https://t.co/JfZDsCSvo0",1213200214166773760,,[],,,,,,2020-01-03 20:47:25,"Columbia, SC",6139,216,en,Adair4Congress,470,297,53
1105113081418526720,Mckayla Wilkes for Congress,2019-03-11 14:27:45,,0,False,2,@sunshynhappinss We have actions planned for Calvert as well.,1213622539370586112,,[],,,['sunshynhappinss'],,,2020-01-05 00:45:36,"Waldorf, MD",27919,2691,en,MeetMckayla,9903,2375,127
1163499549727567873,Genevieve Morris,2019-08-19 17:15:39,,0,False,0,The Maryland YRs will be hosting a candidate forum in March. Come out to hear how the 2nd District can expect moreâ€¦ https://t.co/LBghy71R55,1212758516634660864,,[],,,,,,2020-01-02 15:32:16,,81,46,en,Morris_Congress,2,7,3
999078039114928128,Tim Fazenbaker,2018-05-23 00:02:21,,2,False,5,"Hey Kaepernick, Identity Politics Hurts.  https://t.co/BP7jFGXNHu #hadenough @Kaepernick7",1213629752868843525,,['hadenough'],,,['Kaepernick7'],,,2020-01-05 01:14:15,"Baltimore, MD",6171,703,en,america1timfaze,1069,5273,13
1066356844598358017,Kim Nelson For Congress,2018-11-24 15:44:18,,172,False,347,"Yes, Soleimani was a murderer - but Trump escalated the situation without the support of Congress or our allies andâ€¦ https://t.co/R4J0F0nFYE",1213170699277414400,,[],,,,,,2020-01-03 18:50:08,"South Carolina, USA",3584,578,en,KimforSC,2810,860,36
944407783201492992,Louis G Lyras,2017-12-23 03:22:16,,0,False,0,@DrDHennen https://t.co/JwsuqjNfmu,1169247229040824320,,[],,,['DrDHennen'],,,2019-09-04 13:53:57,"Campbell, OH",40,42,und,lyrascongress,11,102,0
1183517407995932673,Dr. Inam Hussain,2019-10-13 22:59:26,,0,False,0,@BernieSanders This is what Democracy is all about! The people see that changes need to be made and seeing all of oâ€¦ https://t.co/BmEm6MnTBF,1212894355838689281,,[],,,['BernieSanders'],,,2020-01-03 00:32:03,"IL, United States of America",31,29,en,DrInam4Congress,1,4,0
729414452651692032,Tamara Johnson Shealey,2016-05-08 20:55:32,,6,False,9,"SUNDAY MORNING UPDATE:  Along with the requested $100 donations and the smaller dollar donations, we need $6,199...â€¦ https://t.co/d4gcfr4zNo",1213812811287203840,,[],,,,,,2020-01-05 13:21:40,"Atlanta, GA",1231,1071,en,TamaraShealey,1824,510,14
1186036105449263104,Dr. A. Wayne Johnson,2019-10-20 21:47:11,,1267,False,0,"RT @codeofvets: STOP! PUT DOWN THAT GUN! 

We need you. No matter how broken, how lost, how low youâ€™ve sunk..

THERE IS HOPE!

We will carrâ€¦",1213162162773999616,,[],,,['codeofvets'],,,2020-01-03 18:16:13,Georgia,259,45,en,johnsonsenate,9,107,1
2500750611,Antoine Pierce for U.S. Senate,2014-04-22 00:42:51,,9,False,28,"Every person who still supports, condones, defends, or encourages the unpresidential behavior of @realDonaldTrump aâ€¦ https://t.co/iwGMEr5s7o",1213742482837712896,,[],,,['realDonaldTrump'],,,2020-01-05 08:42:12,"Baton Rouge, LA",3966,875,en,AntoinePierce,1299,477,28
817869452473548800,Dr. Al Gross,2017-01-07 23:04:07,,1,False,12,"As someone who has fished commercially out west in Alaska, I know firsthand how dangerous it can be out there. Thanâ€¦ https://t.co/4iVkfYAcQ6",1212870753730871296,,[],,,,,,2020-01-02 22:58:16,"Petersburg, AK",1413,149,en,DrAlGrossAK,275,600,26
1167174850479316996,Daniel McCarthy for US Senate,2019-08-29 20:39:12,,1,False,5,"Check back on my page every weekday, from January 6-January 29, to learn more about my stance on these principles aâ€¦ https://t.co/hHjDq1gjGM",1213173358285774848,,[],,,,,,2020-01-03 19:00:42,Arizona,2040,316,en,DemandDanielAZ,86,1672,9
1520627299,Dwayne Stovall,2013-06-15 22:45:31,,1,False,8,Castroâ€™s Campaign Fails As Democrats Realize His First Name Isnâ€™t Fidel https://t.co/9HCxxz7SnR via @TheBabylonBee,1213144154890522624,,[],,,['TheBabylonBee'],,,2020-01-03 17:04:40,TEXAS!,3708,9154,en,DwayneStovall,4467,3235,88
1134609712085905408,Robert Marshall,2019-05-31 23:56:50,,2,False,0,RT @kanegop: Join us!! https://t.co/0m6WKTFnnv,1205981746812116992,,[],,,['kanegop'],,,2019-12-14 22:43:49,"Berwyn, IL",340,27,en,Marshall4Senate,3,70,3
1178703007380381696,Alisha Shelton,2019-09-30 16:08:06,,3,False,5,"Happy New Year, now your seeing 20/20! What a blessing to have vision. Thank you for donating to my campaign &amp; signâ€¦ https://t.co/UxGNSwQmNQ",1212480979350278155,,[],,,,,,2020-01-01 21:09:26,"Omaha, NE",106,14,en,Shelton4Senate,17,172,0
241742453,BOOGEYMAN,2011-01-23 01:30:55,,1,False,0,RT @BryanLWickham: @realboogey Get him!,1213511378301943808,,[],,,['BryanLWickham'],,,2020-01-04 17:23:53,,35231,17791,en,realboogey,6660,10085,167
1149190241741180928,ã‚«ãƒ•ã‚§ã‚ªãƒ¼ãƒ¬,2019-07-11 05:34:39,,28,False,81,"ï¼
Vãƒãƒ¥ãƒ¼ãƒãƒ¼å‹•ç”»ç¬¬8è©±â­å½¡
ï¼¼

ãƒŸãƒ‰ãƒªã¨ãƒ”ãƒ³ã‚¯ã®ãƒŸã‚¹ã‚«ãƒ•ã‚§ã‚ªãƒ¼ãƒ¬ã®
æœ€æ–°å‹•ç”»å…¬é–‹ä¸­â™ª

ä»Šå›ã®ãƒ†ãƒ¼ãƒã¯â€¦ãŠæ‚©ã¿ç›¸è«‡å®¤
ï¼¼ï¼¼ãƒ‡ã‚¹ã‚¯ã®ä¸¡éš£ãŒã©ã†ã‚„ã‚‰ä»˜ãåˆã£ã¦ã‚‹â€¦ï¼ï¼

å¥½è©•ã«ã¤ã(!?)ãŠæ‚©ã¿ç›¸è«‡å®¤ç¬¬2å¼¾â¤

â†“ä»Šã™ããƒã‚§ãƒƒã‚¯â†“ #ã‚ªãƒ•ã‚£ã‚¹ã§ã‚«ãƒ•ã‚§ã‚ªãƒ¼ãƒ¬",1174515956908871680,,['ã‚ªãƒ•ã‚£ã‚¹ã§ã‚«ãƒ•ã‚§ã‚ªãƒ¼ãƒ¬'],,,,,,2019-09-19 02:50:00,,18582,17,ja,glico_cafeore,0,0,22
3288792782,Faraz Javed,2015-07-23 12:25:07,,2,False,0,"RT @Emirates_News: The #EmiratesNews headlines tonight
@RamiaFarrage @gregfairlie @itsFarazJaved
@DubaiOneTV @dubaimediainc
https://t.co/c4â€¦",1209932437733687297,,['EmiratesNews'],,,['Emirates_News'],,,2019-12-25 20:22:27,,198,320,en,itsFarazJaved,209,586,8
451375567,Ray Addison,2011-12-31 11:00:23,,0,False,3,Best thing he's ever written. https://t.co/czE2uJ464S,1213478166012014593,,[],,,,,,2020-01-04 15:11:54,,1117,4653,en,RayAddisonLive,5054,495,39
319512908,Ø£Ø­Ù…Ø¯ Ø§Ù„ÙƒØªØ¨ÙŠ,2011-06-18 07:27:50,,1,False,3,Ø£ÙÙŠÙÙ‘Ù‡ÙØ§ Ø§Ù„Ù†ÙÙ‘Ø§Ø³ÙØŒ Ù„Ø§ ØªÙØªÙÙ…ÙÙ†ÙÙ‘ÙˆÙ’Ø§ Ù„ÙÙ‚ÙØ§Ø¡Ù Ø§Ù„Ù’Ø¹ÙØ¯ÙÙˆÙÙ‘ØŒ ÙˆÙØ§Ø³Ù’Ø£ÙÙ„ÙÙˆØ§ Ø§Ù„Ù„ÙÙ‘Ù‡Ù Ø§Ù„Ù’Ø¹ÙØ§ÙÙÙŠÙØ©Ù ÙÙØ¥ÙØ°ÙØ§ Ù„ÙÙ‚ÙÙŠØªÙÙ…ÙÙˆÙ‡ÙÙ…Ù’ ÙÙØ§â€¦ https://t.co/HwXXTgj4Nz,1213120024195420160,,[],,,,,,2020-01-03 15:28:47,Ø§Ù„Ø§Ù…Ø§Ø±Ø§Øª Ø§Ù„Ø¹Ø±Ø¨ÙŠÙ‡ Ø§Ù„Ù…ØªØ­Ø¯Ù‡ ,1706,293,ar,AhmedAlKitbi,894,71,6
717654700674457600,Ø§Ù„Ø¶Ø§Ø¯ ÙŠØ¬Ù…Ø¹Ù†Ø§,2016-04-06 10:06:28,,0,False,0,"Ù…Ø¨Ø§Ø¯Ø±Ø§Øª ÙƒØ«ÙŠØ±Ø© ØªØ¯Ø¹Ù… Ø§Ù„Ù„ØºØ© Ø§Ù„Ø¹Ø±Ø¨ÙŠØ© ..
Ù„Ù†Ø¬Ø¹Ù„ Ø­ÙˆØ§Ø±Ø§ØªÙ†Ø§ ÙˆÙ†Ù‚Ø§Ø´Ø§ØªÙ†Ø§ ÙƒÙ„Ù‡Ø§ Ø¨Ø§Ù„Ø¹Ø±Ø¨ÙŠ
#Ø§Ù„ÙŠÙˆÙ…_Ø§Ù„Ø¹Ø§Ù„Ù…ÙŠ_Ù„Ù„ØºØ©_Ø§Ù„Ø¹Ø±Ø¨ÙŠØ©â€¦ https://t.co/El7550MKQA",1074989511753560064,,['Ø§Ù„ÙŠÙˆÙ…_Ø§Ù„Ø¹Ø§Ù„Ù…ÙŠ_Ù„Ù„ØºØ©_Ø§Ù„Ø¹Ø±Ø¨ÙŠØ©'],,,,,,2018-12-18 11:27:26,,1002,459,ar,aldhadyajmana,23,13,4
1187394819854917635,Emirates News,2019-10-24 15:46:15,,1,False,0,"#Dubai_Duty_Free hit record AED 7.4 billion in sales in 2019.
@DubaiDutyFree https://t.co/o9QFCCtYoQ",1212774330586808320,,['Dubai_Duty_Free'],,,['DubaiDutyFree'],,,2020-01-02 16:35:07,"Dubai, UAE",173,527,en,Emirates_News,23,10,0
342602888,Ù†Ø§Ø¯ÙŠ Ø§Ù„Ø³Ø¨Ø§Ù‚ ÙˆØ§Ù„ÙØ±ÙˆØ³ÙŠØ©,2011-07-26 08:38:54,,0,False,1,COL Steven Fabiano crowns the winners of DUKHAN CUP landed by Umm Qarnâ€™s DABAAB (QA) for trainer Alban de Mieulle aâ€¦ https://t.co/PeLdufGsU6,1212815683404341248,,[],,,,,,2020-01-02 19:19:26,"Doha, Qatar",2941,7533,en,Q_REC,2325,417,28
1205263338965323776,Morgan Freeman,2019-12-12 23:09:21,,355,False,2404,Merry #Christmas everyone! -M https://t.co/MtXa1V9wPW,1209874204809543680,,['Christmas'],,,,,,2019-12-25 16:31:03,,4149,1,en,morgan_freeman,0,0,0
1060492509657419776,ahmedeid.14,2018-11-08 11:21:32,,111,False,1168,#Ù¡Ù Ù©_Ø³Ù†Ø©_Ø²Ù…Ø§Ù„Ùƒ ğŸ‡¦ğŸ‡¹ğŸ‡¦ğŸ‡¹ğŸ¤©ğŸ¥³,1213749252435972099,,['Ù¡Ù Ù©_Ø³Ù†Ø©_Ø²Ù…Ø§Ù„Ùƒ'],,,,,,2020-01-05 09:09:06,"Cairo, Egypt",56522,137,und,14_ahmedeid,78,86,27
1085631729770135552,DCP Traffic Gurugram,2019-01-16 20:15:49,,25,False,188,https://t.co/1EEmTUUXo6,1212438428526075904,,[],,,,,,2020-01-01 18:20:22,,4268,357,und,dcptrafficggm,565,48,2
4547934918,Dr. Pratishtha Singh,2015-12-13 14:49:34,,8447,False,0,"RT @RahulGandhi: The attack on Nankana Sahab is reprehensible &amp; must be condemned unequivocally . 

Bigotry is a dangerous, age old poisonâ€¦",1213445928327241728,,[],,,['RahulGandhi'],,,2020-01-04 13:03:48,"24, Akbar Road, AIMC",3120,1114,en,PratishthaINC,2787,190,4
986454196697186305,Smti Nabam Yakum,2018-04-18 03:59:42,,241,False,0,RT @Supriya23bh: Protest outside @DelhiPolice headquarters... #Jamia https://t.co/C68ZvgxKWS,1206381945204232192,,['Jamia'],,,['Supriya23bh'],,,2019-12-16 01:14:03,"Itanagar, India",486,671,en,AkumNabam,1101,162,1
163268018,ì½”ì½”,2010-07-06 00:15:33,,9,False,116,Cover is premiering in 15 minutes! Watch with me! https://t.co/XsmyJFWcYU https://t.co/dZqcyrSFHn,1199195115027234816,,[],,,,,,2019-11-26 05:16:10,"Seoul, South Korea",21609,1598,en,rilaccoco_,3652,91,106
121537720,The Hechinger Report ğŸ“°,2010-03-09 20:30:52,,1,False,0,RT @andreperryedu: Some of my favorite @hechingerreport columns from 2019 can help you make the better choice in 2020 https://t.co/vnDIxhKjâ€¦,1213523637531271168,,[],,,['andreperryedu'],,,2020-01-04 18:12:36,"New York, NY",42274,25478,en,hechingerreport,2986,3631,1793
581719353,Park Hanna,2012-05-16 08:16:06,,0,False,1,[Herald Interview] N. Koreaâ€™s demand for halt of US-S. Korea military drill shows desperation for economic growth:â€¦ https://t.co/5llrZ0e3CD,1207590153310498817,,[],,,,,,2019-12-19 09:15:03,ëŒ€í•œë¯¼êµ­ ì„œìš¸,172,90,en,ParkHanna1,8,123,2
835166832524812289,Heart 80s,2017-02-24 16:37:44,,0,False,4,It's back! #TheGlobalAwards 2020 with @VeryNetwork âœ¨ One huge night at Londonâ€™s @EventimApollo on March 5th 2020. Uâ€¦ https://t.co/TyMjoCkwK1,1212705863431081985,,['TheGlobalAwards'],,,['verynetwork'],,,2020-01-02 12:03:03,United Kingdom,2383,902,en,Heart80s,1404,40,10
1112608868,Jim Tressel,2013-01-22 20:51:04,,20,False,168,"""Being at peace with yourself is a direct result of finding peace with God."" Olin Miller #QuietTime",1213822415198937089,,['QuietTime'],,,,,,2020-01-05 13:59:50,"Youngstown, Ohio",160482,3152,en,JimTressel5,252,42,368
